"","Total Outcomes ","","","","","Total Outcomes "
"","Households unintentionally homeless and in priority need - Number (Section 75) ","Households unintentionally homeless and in priority need - Rate per 10,000 households (Section 75) ","Households positively discharged - Number (Section 75) ","Households positively discharged from Homelessness - Percentage (%) (Section 75) ","Households positively discharged from Homelessness - Rate per 10,000 households (Section 75) ","."
"Blaenau Gwent ",18,5.419005,15,82.352941,4.46271,351
"Bridgend ",519,82.024738,468,90.34749,74.107292,1662
"Caerphilly ",432,55.928426,264,61.342593,34.307947,1677
"Cardiff ",432,27.709562,414,95.612009,26.493669,5160
"Carmarthenshire ",609,73.464431,408,66.83087,49.096918,2235
"Ceredigion ",51,15.916921,33,66,10.505168,510
"Conwy ",270,50.420921,162,60.223048,30.365016,1332
"Denbighshire ",252,59.45099,135,54.183267,32.212489,873
"Flintshire ",147,22.098299,87,59.459459,13.139529,1512
"Gwynedd ",93,16.689912,60,65.217391,10.884725,525
"Isle of Anglesey ",36,11.725402,30,83.783784,9.823986,615
"Merthyr Tydfil ",141,56.059221,72,51.428571,28.830456,753
"Monmouthshire ",207,51.090224,123,58.653846,29.966381,825
"Neath Port Talbot ",111,17.843354,111,100,17.843354,1248
"Newport ",546,82.203029,309,56.30713,46.286166,3129
"Pembrokeshire ",339,60.020375,231,67.941176,40.778549,1770
"Powys ",306,50.96257,225,73.289902,37.350418,1230
"Rhondda Cynon Taf ",366,34.519678,285,77.929155,26.900894,1593
"Swansea ",435,39.55725,306,70.737327,27.981742,4164
"Torfaen ",171,41.653721,120,71.176471,29.647649,879
"Vale of Glamorgan ",216,36.515777,147,67.906977,24.79676,765
"Wales ",6135,44.520999,4305,70.159713,31.235805,34203
"Wrexham ",441,74.502526,297,67.5,50.289205,1395


