,lgd14_code,age65_plus_perc,z_age65_plus_perc
0,N09000001,17.8804063533584,-0.0516278422707152
1,N09000002,16.29719810784933,-0.759280880737855
2,N09000003,15.038624780890826,-1.32183052730662
3,N09000004,19.738034399764178,0.7786837324129676
4,N09000005,16.444534119389218,-0.693425503507738
5,N09000006,18.936363369134835,0.4203575663604877
6,N09000007,18.195477914245558,0.08920097669787887
7,N09000008,20.32721799133107,1.042033522290566
8,N09000009,15.201467653314628,-1.2490439853022441
9,N09000010,17.103175320516,-0.39902996295953475
10,N09000011,22.79252738558047,2.143962904322815
