,lgd14_code,age65_plus_perc
0,N09000001,17.8804063533584
1,N09000002,16.29719810784933
2,N09000003,15.038624780890826
3,N09000004,19.738034399764178
4,N09000005,16.444534119389218
5,N09000006,18.936363369134835
6,N09000007,18.195477914245558
7,N09000008,20.32721799133107
8,N09000009,15.201467653314628
9,N09000010,17.103175320516
10,N09000011,22.79252738558047
