,lgd14_code,aged85plus_perc
0,N09000001,2.1870420204650975
1,N09000002,1.9087526237597041
2,N09000003,2.0559997466229163
3,N09000004,2.306504758922525
4,N09000005,1.6342523293224767
5,N09000006,2.182178967194387
6,N09000007,2.3569943880086006
7,N09000008,2.5321662727697176
8,N09000009,1.8094173064694974
9,N09000010,2.0315160569306814
10,N09000011,2.769363058751551
