,lgd14_code,aged85plus_perc,z_aged85plus_perc
0,N09000001,2.1870420204650975,0.08291602454648035
1,N09000002,1.9087526237597041,-0.8131087831946094
2,N09000003,2.0559997466229163,-0.33900852455769354
3,N09000004,2.306504758922525,0.46755725962687583
4,N09000005,1.6342523293224767,-1.6969335945594846
5,N09000006,2.182178967194387,0.06725816469443638
6,N09000007,2.3569943880086006,0.630121700566256
7,N09000008,2.5321662727697176,1.1941329644624714
8,N09000009,1.8094173064694974,-1.1329445715163735
9,N09000010,2.0315160569306814,-0.41784010638939945
10,N09000011,2.769363058751551,1.9578494663210475
