,lgd14_code,supported_people,total_pop,asylum_support_perc,z_asylum_support_perc
0,N09000001,159,145662,0.10915681509247437,0.09002299083917714
1,N09000002,66,218656,0.030184399238987268,-0.4385564795299785
2,N09000003,1841,345419,0.532975893045837,2.9267358017090808
3,N09000004,174,141746,0.12275478673119523,0.18103715786459304
4,N09000005,271,150756,0.17976067287537478,0.5625898909342918
5,N09000006,2,116812,0.0017121528610074307,-0.6291273864478293
6,N09000007,39,149106,0.026155889099030223,-0.4655201697393016
7,N09000009,1,150293,0.0006653669831595616,-0.6361337508716967
8,N09000010,31,182074,0.017026044355591685,-0.5266281964709706
9,N09000011,53,163660,0.03238421116949774,-0.4238326621999097
10,N09000008,0,138993,0.0,-0.6405871960874552
