,lgd14_code,bad_or_v_bad_health_perc,z_bad_or_v_bad_health_perc
0,N09000001,7.748251109728713,-0.056508277259955136
1,N09000002,7.271574496470676,-0.44695667900448977
2,N09000003,10.409184813604652,2.1230769655010784
3,N09000004,7.846381600748649,0.02387094067411135
4,N09000005,10.018884980080886,1.8033802529669165
5,N09000006,7.083252302771908,-0.6012124102436165
6,N09000007,6.479166149227054,-1.0960226581294563
7,N09000008,7.736285327837432,-0.06630951416801618
8,N09000009,6.426924162717861,-1.138814352895132
9,N09000010,7.349543118711652,-0.38309215724383683
10,N09000011,7.6201798880792335,-0.16141211019761234
