,lgd14_code,children_low_income_hh_count,pop_0_19,child_poverty_perc,z_child_poverty_perc
0,N09000001,7288.0,36117,20.17886313924191,-0.7972218975291476
1,N09000002,14022.0,58447,23.990966174482864,0.45678640161729284
2,N09000003,22060.0,83741,26.343129410921772,1.230540991189949
3,N09000004,8221.0,34290,23.974919801691456,0.45150787570505946
4,N09000005,10123.0,39300,25.75826972010178,1.0381487868490884
5,N09000006,7268.0,30411,23.89924698299957,0.42661496442166086
6,N09000007,5965.0,36307,16.42933869501749,-2.030644689999044
7,N09000008,7014.0,32106,21.846383853485328,-0.2486835198072362
8,N09000009,9408.0,42111,22.340956044738906,-0.08599179121920601
9,N09000010,12543.0,49025,25.58490566037736,0.9811199060296588
10,N09000011,6683.0,36561,18.27904050764476,-1.422177027258077
