,lgd14_code,care_home_residents_perc,z_care_home_residents_perc
0,N09000001,0.07071116206586436,0.1614277108257562
1,N09000002,0.021037611590809305,-0.9226378918112121
2,N09000003,0.026055387964726798,-0.8131309466328107
3,N09000004,0.05150057144469685,-0.25782036585855833
4,N09000005,0.04842261667860649,-0.3249930333341134
5,N09000006,0.015409375749066877,-1.045467381976717
6,N09000007,0.14955903557895442,1.8821878880056757
7,N09000008,0.017986387901636043,-0.9892271856255302
8,N09000009,0.04790642278748844,-0.33625834528183546
9,N09000010,0.11588694706547886,1.1473349818350753
10,N09000011,0.13198174252561728,1.4985845698542688
