,lgd2014,absolute_low_income
0,N09000001,17.5
1,N09000002,26.154175588865098
2,N09000003,19.57097791798107
3,N09000004,20.538011695906434
4,N09000005,26.50609756097561
5,N09000006,24.460076045627375
6,N09000007,14.623188405797102
7,N09000008,16.124661246612465
8,N09000009,27.908163265306122
9,N09000010,28.68831168831169
10,N09000011,12.875283446712018
