,lgd14cd,care_home_residents_perc
0,N09000001,0.07071116206586436
1,N09000002,0.021037611590809305
2,N09000003,0.026055387964726798
3,N09000004,0.05150057144469685
4,N09000005,0.04842261667860649
5,N09000006,0.015409375749066877
6,N09000007,0.14955903557895442
7,N09000008,0.017986387901636043
8,N09000009,0.04790642278748844
9,N09000010,0.11588694706547886
10,N09000011,0.13198174252561728
