,lgd14_code,limited_a_lot_a_little_perc
0,N09000001,24.960225890922516
1,N09000002,22.94601181039407
2,N09000003,27.33907860706133
3,N09000004,26.50202273600659
4,N09000005,28.00895045057974
5,N09000006,24.8642228200428
6,N09000007,22.441115997633528
7,N09000008,26.055578492722415
8,N09000009,21.76174478533445
9,N09000010,23.7086944167298
10,N09000011,26.116023714836228
