,lgd14_code,limited_a_lot_a_little_perc,z_limited_a_lot_a_little_perc
0,N09000001,24.960225890922516,-0.006562780625266099
1,N09000002,22.94601181039407,-1.0364694759868887
2,N09000003,27.33907860706133,1.2097907159145702
3,N09000004,26.50202273600659,0.7817878266860053
4,N09000005,28.00895045057974,1.5523091717943138
5,N09000006,24.8642228200428,-0.055651011330292995
6,N09000007,22.441115997633528,-1.2946324900621868
7,N09000008,26.055578492722415,0.5535122328904368
8,N09000009,21.76174478533445,-1.6420081572996994
9,N09000010,23.7086944167298,-0.6464950783821712
10,N09000011,26.116023714836228,0.5844190464011954
