,lgd14_code,english_poor_bad_perc,z_english_poor_bad_perc
0,N09000001,0.7984718377203143,-0.43108956891735983
1,N09000002,2.0699116792382397,1.5772375582042024
2,N09000003,1.3644190883962646,0.46286323870853946
3,N09000004,0.5006943572345215,-0.9014496853594856
4,N09000005,0.3820841022890107,-1.0888027828347744
5,N09000006,1.0618368263782478,-0.015086362328891854
6,N09000007,0.6127211487979876,-0.7244956234254983
7,N09000008,1.0498970075486855,-0.03394613159622822
8,N09000009,2.4284025773410907,2.1434987150251064
9,N09000010,1.0763717878225092,0.007872614106301556
10,N09000011,0.4404549639200955,-0.9966019715819096
