,lgd14_code,english_poor_bad_perc
0,N09000001,0.7984718377203143
1,N09000002,2.0699116792382397
2,N09000003,1.3644190883962646
3,N09000004,0.5006943572345215
4,N09000005,0.3820841022890107
5,N09000006,1.0618368263782478
6,N09000007,0.6127211487979876
7,N09000008,1.0498970075486855
8,N09000009,2.4284025773410907
9,N09000010,1.0763717878225092
10,N09000011,0.4404549639200955
