,lgd14_nm,in_fuel_poverty_perc,total_population,z_in_fuel_poverty_perc
1,North Down & Ards,19.8,67980,-0.4432414242493646
3,"Armagh, Banbridge & Craigavon",24.2,78400,0.2671190040178286
5,Antrim & Newtownabbey,13.8,57700,-1.41191473552281
7,Belfast,14.6,147980,-1.2827582940196842
9,Causeway Coast & Glens,27.1,57220,0.735311104466661
11,Derry & Strabane,30.7,59670,1.316515091230728
13,Fermanagh & Omagh,25.5,47190,0.4769982214604086
15,Lisburn & Castlereagh,13.4,57900,-1.4764929562743734
17,Mid & East Antrim,21.5,56130,-0.1687839860552218
19,Mid Ulster,31.5,50430,1.4456715327338543
21,"Newry, Mourne & Down",25.9,61870,0.5415764422119714
