,lgd14_nm,in_fuel_poverty_perc,total_population,lgd14_code,z_in_fuel_poverty_perc
5,Antrim & Newtownabbey,13.8,57700,N09000001,-1.41191473552281
3,"Armagh, Banbridge & Craigavon",24.2,78400,N09000002,0.2671190040178286
7,Belfast,14.6,147980,N09000003,-1.2827582940196842
9,Causeway Coast & Glens,27.1,57220,N09000004,0.735311104466661
11,Derry & Strabane,30.7,59670,N09000005,1.316515091230728
13,Fermanagh & Omagh,25.5,47190,N09000006,0.4769982214604086
15,Lisburn & Castlereagh,13.4,57900,N09000007,-1.4764929562743734
17,Mid & East Antrim,21.5,56130,N09000008,-0.1687839860552218
19,Mid Ulster,31.5,50430,N09000009,1.4456715327338543
21,"Newry, Mourne & Down",25.9,61870,N09000010,0.5415764422119714
1,North Down & Ards,19.8,67980,N09000011,-0.4432414242493646
