,lgd14_code,homleess_hh_12mo_avg,homeless_hh_12mo_avg_perc,z_homeless_hh_12mo_avg_perc
0,N09000001,719.0,1.2092772928334763,0.5482007143354746
1,N09000011,705.5,1.0014905245226773,-0.09846074528389319
2,N09000002,587.5,0.6940998558635193,-1.055103461682374
3,N09000003,2384.0,1.5977695565921397,1.757242928020807
4,N09000004,635.5,1.1037585104904821,0.21981151822883924
5,N09000005,957.5,1.5713465167801755,1.6750107357051356
6,N09000006,360.0,0.7874876955047577,-0.7644674544714948
7,N09000007,399.5,0.6642060285633532,-1.1481372296777448
8,N09000008,702.5,1.205325738208397,0.5359029241422258
9,N09000009,385.5,0.7138227941857235,-0.993722921491565
10,N09000010,558.0,0.815825255493662,-0.6762770078254082
