,lgd14_cd,homleess_hh_12mo_avg,homeless_hh_12mo_avg_perc
0,N09000001,719.0,1.2092772928334763
1,N09000011,705.5,1.0014905245226773
2,N09000002,587.5,0.6940998558635193
3,N09000003,2384.0,1.5977695565921397
4,N09000004,635.5,1.1037585104904821
5,N09000005,957.5,1.5713465167801755
6,N09000006,360.0,0.7874876955047577
7,N09000007,399.5,0.6642060285633532
8,N09000008,702.5,1.205325738208397
9,N09000009,385.5,0.7138227941857235
10,N09000010,558.0,0.815825255493662
