,lgd14_code,weighted_lgd_gp_access_mins,z_gp_access_mins
0,N09000001,4.441586017019857,-0.16895851964645114
1,N09000002,4.66300965959333,0.03732979613844561
2,N09000003,2.48633780335099,-1.9905565037250472
3,N09000004,4.579784295560976,-0.04020673057243803
4,N09000005,4.797994027977878,0.16308736063202334
5,N09000006,7.135020912223039,2.340367683057337
6,N09000007,4.308484616310822,-0.29296182598609155
7,N09000008,4.437145028471149,-0.17309594615378043
8,N09000009,5.202040755308997,0.5395156313930309
9,N09000010,5.163030974812351,0.5031723492382296
10,N09000011,3.637916742242536,-0.917693294375265
