,lgd14_code,weighted_lgd_ae_access_mins,z_ae_access_mins
0,N09000001,11.253430391011737,-1.0474857582707477
1,N09000002,15.405534848314542,-0.35102811056093514
2,N09000003,7.343180484683898,-1.7033756761962864
3,N09000004,15.251922897136689,-0.37679437421773593
4,N09000005,15.83624285448715,-0.2787828460418393
5,N09000006,24.74169741697417,1.214983026217864
6,N09000007,13.562850316933474,-0.6601127560446804
7,N09000008,21.015839332895222,0.5900222662894269
8,N09000009,28.76951008464644,1.8905924586850487
9,N09000010,22.814473540849974,0.8917180840233335
10,N09000011,16.486350716346582,-0.16973631388344665
