,lgd14_code,low_attainment_perc
0,N09000001,23.588584183958123
1,N09000002,24.988839852765263
2,N09000003,24.69997850374223
3,N09000004,26.568332805408854
4,N09000005,27.873627879093842
5,N09000006,25.168032610045252
6,N09000007,19.770075238394206
7,N09000008,25.865228894285547
8,N09000009,25.91164330165931
9,N09000010,22.85284915521204
10,N09000011,21.970391900584605
