,lgd14_code,low_attainment_perc,z_low_attainment_perc
0,N09000001,23.588584183958123,-0.4069053390376849
1,N09000002,24.988839852765263,0.23373507492537518
2,N09000003,24.69997850374223,0.10157617113483308
3,N09000004,26.568332805408854,0.9563795473418584
4,N09000005,27.873627879093842,1.5535738990432606
5,N09000006,25.168032610045252,0.31571876173367713
6,N09000007,19.770075238394206,-2.153937117663997
7,N09000008,25.865228894285547,0.6346977354304643
8,N09000009,25.91164330165931,0.6559331039536346
9,N09000010,22.85284915521204,-0.7435164336276772
10,N09000011,21.970391900584605,-1.1472554032337277
