,lgd14_code,no_cars_or_vans_perc,z_no_cars_or_vans_perc
0,N09000001,16.9745171529895,-0.13301001760579229
1,N09000002,15.453825099165282,-0.3877408880462863
2,N09000003,34.14499504309529,2.7432138489072226
3,N09000004,16.490703874783186,-0.21405349855134936
4,N09000005,24.482065782267735,1.1245781919209776
5,N09000006,14.192436786594525,-0.5990358323557389
6,N09000007,12.972274089979383,-0.8034250806628941
7,N09000008,17.3309206146741,-0.07330893361931813
8,N09000009,13.263155514710927,-0.7546995820778909
9,N09000010,14.658947841761515,-0.5208906438845053
10,N09000011,15.490320413794548,-0.38162756402441494
