,lgd14_code,non_white_perc,z_non_white_perc
0,N09000001,3.198293189932015,0.08095292353267912
1,N09000002,3.489907168385767,0.276118410653773
2,N09000003,6.881717893460101,2.546120678349132
3,N09000004,1.5046863226345606,-1.0525099200537362
4,N09000005,2.320809792832915,-0.5063113617514978
5,N09000006,1.8245485248729925,-0.8384390348290427
6,N09000007,3.9610388607272555,0.5914278712000696
7,N09000008,2.160758719551778,-0.613427096898333
8,N09000009,4.329212840114176,0.8378318824664757
9,N09000010,1.8188432550973932,-0.8422573420337115
10,N09000011,2.360860539427611,-0.47950701063580875
