,lgd14_code,no_cars_or_vans_perc
0,N09000001,16.9745171529895
1,N09000002,15.453825099165282
2,N09000003,34.14499504309529
3,N09000004,16.490703874783186
4,N09000005,24.482065782267735
5,N09000006,14.192436786594525
6,N09000007,12.972274089979383
7,N09000008,17.3309206146741
8,N09000009,13.263155514710927
9,N09000010,14.658947841761515
10,N09000011,15.490320413794548
