,lgd14_code,non_white_perc
0,N09000001,3.198293189932015
1,N09000002,3.489907168385767
2,N09000003,6.881717893460101
3,N09000004,1.5046863226345606
4,N09000005,2.320809792832915
5,N09000006,1.8245485248729925
6,N09000007,3.9610388607272555
7,N09000008,2.160758719551778
8,N09000009,4.329212840114176
9,N09000010,1.8188432550973932
10,N09000011,2.360860539427611
