,lgd2014name,rate_of_household_overcrowding_,lgd14_cd
0,Antrim and Newtownabbey,0.026777777777777775,N09000001
1,Ards and North Down,0.020686046511627906,N09000011
2,"Armagh City, Banbridge and Craigavon",0.03568965517241379,N09000002
3,Belfast,0.05166091954022989,N09000003
4,Causeway Coast and Glens,0.035458333333333335,N09000004
5,Derry City and Strabane,0.05725333333333333,N09000005
6,Fermanagh and Omagh,0.04228571428571429,N09000006
7,Lisburn and Castlereagh,0.027507462686567164,N09000007
8,Mid Ulster,0.04974576271186441,N09000008
9,Mid and East Antrim,0.024353846153846153,N09000009
10,"Newry, Mourne and Down",0.045047619047619045,N09000010
