,lgd14_code,poor_mental_health_perc
0,N09000001,9.002113895550275
1,N09000002,7.626984865344572
2,N09000003,12.060158885301941
3,N09000004,8.77513528741108
4,N09000005,11.432190522360738
5,N09000006,8.31686842668427
6,N09000007,7.514235184174258
7,N09000008,8.574358467115278
8,N09000009,6.856505626216973
9,N09000010,7.948994009451723
10,N09000011,8.451050685472428
