,lgd14_code,pop_in_flats_perc,z_pop_in_flats_perc
0,N09000001,9.976145004485279,0.6918926521959252
1,N09000002,4.201201406137273,-0.9016643162671822
2,N09000003,16.443193287567006,2.4764312682683505
3,N09000004,5.2948858206860505,-0.5998694345643962
4,N09000005,8.124994831499684,0.1810801728018857
5,N09000006,3.685640954361292,-1.0439297664140244
6,N09000007,8.030336878459767,0.15495994528479554
7,N09000008,8.571916619585098,0.3044052438840059
8,N09000009,3.416058791117862,-1.1183191569758333
9,N09000010,5.038767804838688,-0.670543483921218
10,N09000011,9.373355304074758,0.5255568757076908
