,lgd14_code,poor_mental_health_perc,z_poor_mental_health_perc
0,N09000001,9.002113895550275,0.1470739895593932
1,N09000002,7.626984865344572,-0.7555679774901084
2,N09000003,12.060158885301941,2.154390891641233
3,N09000004,8.77513528741108,-0.0019159690761780604
4,N09000005,11.432190522360738,1.7421891375372476
5,N09000006,8.31686842668427,-0.30272475975247637
6,N09000007,7.514235184174258,-0.8295774644257106
7,N09000008,8.574358467115278,-0.1337069356174323
8,N09000009,6.856505626216973,-1.2613146243141566
9,N09000010,7.948994009451723,-0.5441994725278317
10,N09000011,8.451050685472428,-0.21464681553398343
