,lgd14_code,pop_in_flats_perc
0,N09000001,9.976145004485279
1,N09000002,4.201201406137273
2,N09000003,16.443193287567006
3,N09000004,5.2948858206860505
4,N09000005,8.124994831499684
5,N09000006,3.685640954361292
6,N09000007,8.030336878459767
7,N09000008,8.571916619585098
8,N09000009,3.416058791117862
9,N09000010,5.038767804838688
10,N09000011,9.373355304074758
