,lgd14_code,under5_perc,z_under5_perc
0,N09000001,5.653362441614899,-0.4875013457741273
1,N09000002,6.415010767443889,0.8897555388161107
2,N09000003,5.7552345017095865,-0.3032903505486211
3,N09000004,5.5835236216208415,-0.6137879696484507
4,N09000005,6.10278495936549,0.32517063901384236
5,N09000006,6.108254160343495,0.33506036691676566
6,N09000007,6.001570629940858,0.142148990712396
7,N09000008,5.316255508572715,-1.097077745577955
8,N09000009,6.997204785538685,1.9425126872226075
9,N09000010,6.356249984493979,0.7835008670506435
10,N09000011,4.863104569984073,-1.9164916781832004
