,lgd14_cd,uc_claimants_12mo_avg,uc_claimants_12mo_avg_perc,working_age_pop
0,N09000001,11475.0,13.094232832005842,87634
1,N09000002,18959.166666666668,14.604983065383797,129813
2,N09000011,12278.333333333334,13.068591033105207,93953
3,N09000003,41027.5,18.575742758052392,220866
4,N09000004,13515.0,16.214173455064604,83353
5,N09000005,19243.333333333332,21.197300492755538,90782
6,N09000006,9174.166666666666,13.574465356691917,67584
7,N09000007,9470.0,10.59485584507121,89383
8,N09000008,11595.0,14.068358024241984,82419
9,N09000009,11541.666666666666,12.9541917332615,89096
10,N09000010,15455.0,14.478565539983512,106744
