,lgd14_code,under5_perc
0,N09000001,5.653362441614899
1,N09000002,6.415010767443889
2,N09000003,5.7552345017095865
3,N09000004,5.5835236216208415
4,N09000005,6.10278495936549
5,N09000006,6.108254160343495
6,N09000007,6.001570629940858
7,N09000008,5.316255508572715
8,N09000009,6.997204785538685
9,N09000010,6.356249984493979
10,N09000011,4.863104569984073
