,lgd14_code,unpaid_carer_perc
0,N09000001,12.243919660389384
1,N09000002,11.291984836817878
2,N09000003,11.61497790671435
3,N09000004,11.21540563457535
4,N09000005,11.858254402459302
5,N09000006,10.8368491787859
6,N09000007,12.030239034193862
7,N09000008,11.973708775895533
8,N09000009,10.484053330270719
9,N09000010,11.724081032510373
10,N09000011,12.932988588058386
