,lgd14_code,unpaid_carer_perc,z_unpaid_carer_perc
0,N09000001,12.243919660389384,0.9069820631336207
1,N09000002,11.291984836817878,-0.5594025983655373
2,N09000003,11.61497790671435,-0.061855842286460766
3,N09000004,11.21540563457535,-0.6773671530573969
4,N09000005,11.858254402459302,0.3128934714588272
5,N09000006,10.8368491787859,-1.260505164752831
6,N09000007,12.030239034193862,0.5778229810684691
7,N09000008,11.973708775895533,0.49074233055896677
8,N09000009,10.484053330270719,-1.8039608805152696
9,N09000010,11.724081032510373,0.10620939309242379
10,N09000011,12.932988588058386,1.9684413996651797
