,ltla24_code,adult_mental_wellbeing_score_higher_is_better_,z_adult_mental_wellbeing_score
0,S12000005,48.1,0.7816317493508962
1,S12000006,48.9,-0.018759161984425943
2,S12000008,46.9,1.9822181163538863
3,S12000010,48.7,0.18133856584940103
4,S12000011,49.5,-0.619052345485921
5,S12000013,51.0,-2.1197853042396555
6,S12000014,47.8,1.0817783411016473
7,S12000017,49.6,-0.7191012094028381
8,S12000018,47.0,1.8821692524369693
9,S12000019,49.5,-0.619052345485921
10,S12000020,49.9,-1.0192478011535822
11,S12000021,48.6,0.2813874297663181
12,S12000023,49.1,-0.21885688981826001
13,S12000026,49.5,-0.619052345485921
14,S12000027,50.3,-1.4194432568212432
15,S12000028,48.9,-0.018759161984425943
16,S12000029,48.6,0.2813874297663181
17,S12000030,48.6,0.2813874297663181
18,S12000033,49.5,-0.619052345485921
19,S12000034,48.9,-0.018759161984425943
20,S12000035,49.9,-1.0192478011535822
21,S12000036,49.4,-0.519003481569004
22,S12000038,48.6,0.2813874297663181
23,S12000039,47.1,1.7821203885200523
24,S12000040,49.1,-0.21885688981826001
25,S12000041,49.4,-0.519003481569004
26,S12000042,47.5,1.3819249328523913
27,S12000045,50.1,-1.2193455289874162
28,S12000047,49.0,-0.11880802590134298
29,S12000048,50.0,-1.1192966650704992
30,S12000049,47.6,1.2818760689354742
31,S12000050,47.6,1.2818760689354742
