,ltla24_code,access_hospitals_w30,z_access_hospitals_w30
0,S12000005,0.3472222222222222,-0.5280986365991012
1,S12000006,0.8606965174129353,0.20808933080466518
2,S12000008,0.15337423312883436,-0.806026000076886
3,S12000010,0.49242424242424243,-0.3199168812188384
4,S12000011,0.45901639344262296,-0.3678150071181604
5,S12000013,0.2777777777777778,-0.627663823954879
6,S12000014,0.6308411214953271,-0.12146324524886822
7,S12000017,0.46153846153846156,-0.3641990204903591
8,S12000018,0.8157894736842105,0.14370436440146306
9,S12000019,0.3739130434782609,-0.4898309732849674
10,S12000020,0.5476190476190477,-0.24078195308671355
11,S12000021,0.3870967741935484,-0.47092894837546095
12,S12000023,0.06896551724137931,-0.9270460424867352
13,S12000026,0.5524475524475524,-0.2338591388609773
14,S12000027,0.3333333333333333,-0.5480116740702567
15,S12000028,0.5359477124183006,-0.2575155980204578
16,S12000029,0.37122969837587005,-0.4936781889981478
17,S12000030,0.2727272727272727,-0.6349049284898447
18,S12000033,3.1236749116607774,3.4526090272019028
19,S12000034,0.3558823529411765,-0.5156822720582629
20,S12000035,0.432,-0.40654945587516755
21,S12000036,1.946398659966499,1.7647025070018414
22,S12000038,0.4488888888888889,-0.3823352023102424
23,S12000039,0.4628099173553719,-0.36237608508295516
24,S12000040,0.3807531380753138,-0.4800240649637172
25,S12000041,0.7935483870967742,0.11181645787719499
26,S12000042,2.702127659574468,2.848220418882574
27,S12000045,0.9153846153846154,0.2864977731824782
28,S12000047,0.4291497975708502,-0.4106359013947543
29,S12000048,0.45698924731182794,-0.3707214049722265
30,S12000049,1.9691689008042896,1.7973490824520129
31,S12000050,0.5391498881431768,-0.25292451476615263
