,ltla24_code,access_gp_practices_pt30,z_access_gp_practices_pt30
0,S12000005,1.25,-0.6087603644856119
1,S12000006,1.1691542288557213,-0.6272635570647754
2,S12000008,1.99079754601227,-0.4392138382786335
3,S12000010,2.0303030303030303,-0.4301722078579087
4,S12000011,6.168032786885246,0.5168310731169737
5,S12000013,0.5833333333333334,-0.7613405371384068
6,S12000014,3.1098130841121496,-0.18310446227197366
7,S12000017,1.5032051282051282,-0.5508092412184445
8,S12000018,4.421052631578948,0.11699927254051151
9,S12000019,2.5956521739130434,-0.3007806029462204
10,S12000020,0.7579365079365079,-0.7213790633483891
11,S12000021,2.260752688172043,-0.3774291349797615
12,S12000023,0.41379310344827586,-0.8001432534595918
13,S12000026,1.2937062937062938,-0.5987572937260318
14,S12000027,0.6,-0.757526032822087
15,S12000028,3.2058823529411766,-0.16111706383513258
16,S12000029,5.750580046403712,0.4212885562913915
17,S12000030,2.5454545454545454,-0.3122693471716581
18,S12000033,6.512367491166078,0.5956390460612514
19,S12000034,0.6264705882352941,-0.7514677024373436
20,S12000035,1.064,-0.6513302326557416
21,S12000036,14.653266331658292,2.4588486720081115
22,S12000038,6.073333333333333,0.4951571846573595
23,S12000039,6.764462809917355,0.6533361669512984
24,S12000040,2.202928870292887,-0.3906632871529296
25,S12000041,1.6741935483870967,-0.5116750772089546
26,S12000042,7.784574468085107,0.886809386343845
27,S12000045,4.765384615384615,0.19580662284893371
28,S12000047,2.611336032388664,-0.2971910341951121
29,S12000048,2.422043010752688,-0.3405145770798918
30,S12000049,22.201742627345844,4.186470396700417
31,S12000050,4.109619686800895,0.04572153381450598
