,ltla24_code,access_hospitals_pt30,z_access_hospitals_pt30
0,S12000005,0.3541666666666667,-0.5754471986479041
1,S12000006,0.8606965174129353,-0.10220961296090036
2,S12000008,0.24233128834355827,-0.6799320663295356
3,S12000010,0.6363636363636364,-0.31179795382880937
4,S12000011,0.7377049180327869,-0.21711744606233058
5,S12000013,0.2777777777777778,-0.646815338744348
6,S12000014,0.7429906542056075,-0.21217912106269085
7,S12000017,0.4855769230769231,-0.4526740345659095
8,S12000018,1.236842105263158,0.24921336753827888
9,S12000019,0.7521739130434782,-0.20359944261971252
10,S12000020,0.5634920634920635,-0.3798799576044017
11,S12000021,0.46774193548387094,-0.4693367968036311
12,S12000023,0.06896551724137931,-0.8419031699797686
13,S12000026,0.5804195804195804,-0.364065021464603
14,S12000027,0.3333333333333333,-0.5949112368560251
15,S12000028,0.5620915032679739,-0.38118846437469556
16,S12000029,0.525522041763341,-0.41535435538157167
17,S12000030,0.3512396694214876,-0.5781818155862352
18,S12000033,4.420494699646643,3.22361668298455
19,S12000034,0.36470588235294116,-0.5656006852014429
20,S12000035,0.444,-0.4915182658944859
21,S12000036,3.4179229480737017,2.286940128792616
22,S12000038,0.6044444444444445,-0.3416192196410094
23,S12000039,0.7644628099173554,-0.1921182478218499
24,S12000040,0.4456066945606695,-0.49001717320723864
25,S12000041,0.8161290322580645,-0.14384784818782548
26,S12000042,3.3617021276595747,2.234414487354257
27,S12000045,1.35,0.3549338277002839
28,S12000047,0.5313765182186235,-0.40988467121769184
29,S12000048,0.46774193548387094,-0.4693367968036311
30,S12000049,3.5703753351206435,2.4293724049398615
31,S12000050,0.7046979865771812,-0.24795495846159826
