,ltla24_code,access_gp_practices_w30,z_access_gp_practices_w30
0,S12000005,1.0833333333333333,0.6768995754974915
1,S12000006,1.1144278606965174,0.6627416873901525
2,S12000008,1.4478527607361964,0.5109274349390402
3,S12000010,1.4166666666666667,0.5251270149868179
4,S12000011,4.19672131147541,-0.7406810204198235
5,S12000013,0.5833333333333334,0.9045584162635015
6,S12000014,2.6588785046728973,-0.04047399906580869
7,S12000017,1.4743589743589745,0.4988586872061244
8,S12000018,2.8157894736842106,-0.11191833768298257
9,S12000019,1.6695652173913043,0.4099778332080679
10,S12000020,0.746031746031746,0.8304789522047206
11,S12000021,1.7258064516129032,0.38437020483579015
12,S12000023,0.41379310344827586,0.9817530806611718
13,S12000026,1.2307692307692308,0.6097694045023858
14,S12000027,0.6,0.8969697882379679
15,S12000028,2.2745098039215685,0.1345358666137613
16,S12000029,3.5754060324825985,-0.4577851880883962
17,S12000030,2.0826446280991737,0.22189547363594755
18,S12000033,4.222614840989399,-0.752470802244814
19,S12000034,0.6176470588235294,0.8889347703285794
20,S12000035,1.04,0.696630008363879
21,S12000036,7.534338358458961,-2.2603570760941225
22,S12000038,3.902222222222222,-0.6065903778877705
23,S12000039,3.793388429752066,-0.5570364278279221
24,S12000040,1.6778242677824269,0.40621734153232586
25,S12000041,1.5806451612903225,0.45046470699366414
26,S12000042,5.085106382978723,-1.1451784514843701
27,S12000045,3.4153846153846152,-0.38492460745987406
28,S12000047,1.902834008097166,0.30376642825009686
29,S12000048,2.1344086021505375,0.19832642098399691
30,S12000049,11.328418230563003,-3.9878687270078386
31,S12000050,2.894854586129754,-0.1479180813717559
