,supported_people,ltla24_code,all_people,asylum_support_perc,z_asylum_support_perc
0,0.0,S12000005,51762,0.0,-0.4513893320260959
1,70.0,S12000006,145858,0.000479918825158716,-0.05187169094422675
2,43.0,S12000008,120302,0.0003574337916244119,-0.15383670898509091
3,5.0,S12000010,112280,4.453152832205201e-05,-0.41431820620994797
4,4.0,S12000011,95917,4.170272214518803e-05,-0.41667310022871196
5,0.0,S12000013,26159,0.0,-0.4513893320260959
6,84.0,S12000014,158435,0.0005301858806450594,-0.01002591541042942
7,0.0,S12000017,235336,0.0,-0.4513893320260959
8,150.0,S12000018,77845,0.0019269060312158777,1.1527005928131708
9,5.0,S12000019,96512,5.1807029177718835e-05,-0.4082615758233741
10,0.0,S12000020,93236,0.0,-0.4513893320260959
11,36.0,S12000021,133519,0.0002696245478171646,-0.2269352000464746
12,0.0,S12000023,21977,0.0,-0.4513893320260959
13,13.0,S12000026,116827,0.0001112756468966934,-0.3587557831268137
14,0.0,S12000027,22985,0.0,-0.4513893320260959
15,12.0,S12000028,111532,0.00010759243983789406,-0.36182193956537595
16,113.0,S12000029,328039,0.0003444712366517396,-0.1646276367703542
17,0.0,S12000030,92606,0.0,-0.4513893320260959
18,363.0,S12000033,224015,0.0016204272035354776,0.8975664079103047
19,284.0,S12000034,263796,0.0010765894858147964,0.4448382573876434
20,0.0,S12000035,85953,0.0,-0.4513893320260959
21,177.0,S12000036,513917,0.0003444135920780982,-0.1646756241025343
22,73.0,S12000038,184393,0.0003958935534429181,-0.12182014178079634
23,25.0,S12000039,88398,0.00028281182832190775,-0.21595719517701045
24,79.0,S12000040,181946,0.0004341947610829587,-0.08993556604681613
25,12.0,S12000041,114284,0.00010500157502362536,-0.3639787547280575
26,112.0,S12000042,148718,0.0007531031885851074,0.17554587789248038
27,1.0,S12000045,108955,9.17810105089257e-06,-0.443748845574557
28,8.0,S12000047,371913,2.151040700378852e-05,-0.4334825806874244
29,175.0,S12000048,151006,0.001158894348568931,0.5133545207499407
30,4152.0,S12000049,620870,0.006687390274936782,5.11565710911527
31,67.0,S12000050,340993,0.00019648497183226635,-0.28782164445204883
