,ltla24_code,children_low_income_hh_count,pop_aged0_19,hh_child_poverty_perc,z_hh_child_poverty_perc
0,S12000005,3391.0,10844.0,31.270748801180375,0.7948415842544322
1,S12000006,9573.0,27681.0,34.5832881760052,1.235807998018603
2,S12000008,8003.0,25168.0,31.79831532104259,0.8650714260651392
3,S12000010,5034.0,25135.0,20.027849612094688,-0.7018171342507327
4,S12000011,3343.0,23571.0,14.182682109371687,-1.4799279006059078
5,S12000013,711.0,4921.0,14.448282869335502,-1.444571033453053
6,S12000014,9655.0,33477.0,28.840696597664067,0.4713521750150401
7,S12000017,10308.0,46059.0,22.37999088126099,-0.3886992561618659
8,S12000018,4635.0,15111.0,30.67301965455628,0.7152716687411763
9,S12000019,5264.0,21857.0,24.08381754129112,-0.16188524825622308
10,S12000020,5879.0,19165.0,30.675710931385336,0.7156299324650053
11,S12000021,8343.0,26688.0,31.261241007194247,0.7935759033545357
12,S12000023,884.0,4301.0,20.55335968379447,-0.6318610475471114
13,S12000026,7987.0,22711.0,35.16798027387609,1.3136424169884944
14,S12000027,606.0,5094.0,11.896348645465253,-1.7842854203715863
15,S12000028,5120.0,21360.0,23.970037453183522,-0.17703169384775097
16,S12000029,15840.0,69117.0,22.917661356829726,-0.3171243721920838
17,S12000030,6320.0,19957.0,31.668086385729318,0.8477353041129414
18,S12000033,7509.0,46288.0,16.22234704459039,-1.208406982666182
19,S12000034,11198.0,59344.0,18.869641412779725,-0.8559982195913971
20,S12000035,3255.0,15705.0,20.72588347659981,-0.6088946191989538
21,S12000036,20204.0,100613.0,20.080904058123703,-0.6947545076213066
22,S12000038,9456.0,37415.0,25.273286115194445,-0.0035427707884434245
23,S12000039,4578.0,18684.0,24.502247912652535,-0.10618364915326542
24,S12000040,15164.0,41634.0,36.422154969496084,1.4805985962763455
25,S12000041,5417.0,22983.0,23.569594917982855,-0.23033874583574715
26,S12000042,8038.0,31891.0,25.20460317958045,-0.012685867481777344
27,S12000045,2546.0,23663.0,10.759413430249758,-1.9356346385411924
28,S12000047,26735.0,79179.0,33.76526604276386,1.1269126021731652
29,S12000048,5970.0,29832.0,20.01206757843926,-0.7039180441556321
30,S12000049,51835.0,127157.0,40.764566638093065,2.058661974221902
31,S12000050,25084.0,75953.0,33.025686937974804,1.028459570033436
