,ltla20_code,absolute_low_income
0,S12000005,3.7653997378768023
1,S12000006,3.0767405063291138
2,S12000008,3.2814070351758793
3,S12000010,2.695806680881308
4,S12000011,2.40625
5,S12000013,1.6697530864197532
6,S12000014,3.1810733306022123
7,S12000017,2.675427069645204
8,S12000018,2.66743648960739
9,S12000019,3.3066147859922177
10,S12000020,3.2525117213663766
11,S12000021,3.4706798131811105
12,S12000023,2.6392857142857142
13,S12000026,2.67152034261242
14,S12000027,1.952755905511811
15,S12000028,2.8771566597653555
16,S12000029,3.0623376623376624
17,S12000030,2.3900091659028413
18,S12000033,1.9903654485049833
19,S12000034,2.0589628226379353
20,S12000035,2.0712
21,S12000036,2.3729960288277687
22,S12000038,2.8845999195818255
23,S12000039,2.995245641838352
24,S12000040,3.784696406443618
25,S12000041,2.7617834394904457
26,S12000042,3.051470588235294
27,S12000045,1.6313131313131313
28,S12000047,3.4729860886444515
29,S12000048,2.184479553903346
30,S12000049,4.86807208432506
31,S12000050,3.9901353965183755
