,all_people_aged_16_and_over_in_households,care_home_residents,care_home_residents_perc,ltla20_name,ltla20_code
0,180618.0,55,0.03045100709785293,Aberdeen City,S12000033
1,213036.0,232,0.10890178185846523,Aberdeenshire,S12000034
2,95185.0,54,0.056731627882544516,Angus,S12000041
3,72456.0,76,0.1048912443413934,Argyll and Bute,S12000035
4,416444.0,347,0.08332452862809886,City of Edinburgh,S12000036
5,42041.0,31,0.07373754192336053,Clackmannanshire,S12000005
6,122325.0,0,0.0,Dumfries and Galloway,S12000006
7,120270.0,56,0.046561902386297496,Dundee City,S12000042
8,98769.0,0,0.0,East Ayrshire,S12000008
9,88367.0,10,0.011316441658085031,East Dunbartonshire,S12000045
10,90496.0,92,0.10166195190947666,East Lothian,S12000010
11,77016.0,21,0.02726706138984107,East Renfrewshire,S12000011
12,130214.0,65,0.04991782757614388,Falkirk,S12000014
13,302493.0,297,0.09818409021035199,Fife,S12000047
14,500392.0,663,0.132496123039537,Glasgow City,S12000049
15,194693.0,52,0.02670871577303755,Highland,S12000017
16,65546.0,47,0.07170536722301896,Inverclyde,S12000018
17,77562.0,62,0.07993605115907274,Midlothian,S12000019
18,75938.0,1,0.0013168637572756722,Moray,S12000020
19,21893.0,108,0.4933083634038277,Na h-Eileanan Siar,S12000013
20,111295.0,78,0.07008401096185812,North Ayrshire,S12000021
21,278649.0,18,0.006459739672491199,North Lanarkshire,S12000050
22,18328.0,89,0.48559580969009164,Orkney Islands,S12000023
23,124706.0,39,0.031273555402306225,Perth and Kinross,S12000048
24,152213.0,117,0.07686597071209424,Renfrewshire,S12000038
25,97662.0,102,0.10444185046384467,Scottish Borders,S12000026
26,18600.0,127,0.6827956989247312,Shetland Islands,S12000027
27,93165.0,35,0.037567756131594486,South Ayrshire,S12000028
28,269362.0,159,0.05902837074271798,South Lanarkshire,S12000029
29,74261.0,27,0.03635824995623544,Stirling,S12000030
30,72743.0,116,0.15946551558225533,West Dunbartonshire,S12000039
31,145988.0,140,0.09589829301038441,West Lothian,S12000040
