,lad24cd,limited_a_lot_a_little_perc
0,S12000005,26.021917808219175
1,S12000006,27.15247524752475
2,S12000008,27.221686746987952
3,S12000010,22.42236842105263
4,S12000011,19.681818181818183
5,S12000013,24.32972972972973
6,S12000014,24.90888888888889
7,S12000017,23.964831804281346
8,S12000018,29.50701754385965
9,S12000019,23.045652173913044
10,S12000020,23.142028985507245
11,S12000021,28.60053475935829
12,S12000023,24.140625
13,S12000026,23.64746835443038
14,S12000027,22.05806451612903
15,S12000028,26.534838709677416
16,S12000029,25.0593147751606
17,S12000030,22.27886178861789
18,S12000033,20.380666666666666
19,S12000034,19.88232044198895
20,S12000035,25.5608
21,S12000036,19.63819018404908
22,S12000038,24.733198380566805
23,S12000039,27.48032786885246
24,S12000040,24.168217054263565
25,S12000041,24.5820987654321
26,S12000042,25.903108808290156
27,S12000045,21.468345323741005
28,S12000047,25.74050880626223
29,S12000048,22.72525252525253
30,S12000049,26.472519083969466
31,S12000050,26.362916666666667
