,lad24cd,poor_or_no_english_perc
0,S12000005,0.9
1,S12000006,0.6128712871287129
2,S12000008,0.6512048192771084
3,S12000010,0.725
4,S12000011,0.7795454545454545
5,S12000013,0.4108108108108108
6,S12000014,0.8097777777777777
7,S12000017,0.8168195718654435
8,S12000018,0.743859649122807
9,S12000019,0.8340579710144927
10,S12000020,0.6753623188405797
11,S12000021,0.6743315508021391
12,S12000023,0.36875
13,S12000026,0.6772151898734177
14,S12000027,0.6290322580645161
15,S12000028,0.7045161290322581
16,S12000029,0.7723768736616702
17,S12000030,0.6008130081300813
18,S12000033,1.7953333333333334
19,S12000034,0.8787292817679558
20,S12000035,0.5008
21,S12000036,1.5449386503067484
22,S12000038,0.8558704453441296
23,S12000039,0.8401639344262295
24,S12000040,1.1050387596899225
25,S12000041,0.7135802469135802
26,S12000042,1.327979274611399
27,S12000045,0.7323741007194244
28,S12000047,0.8430528375733856
29,S12000048,1.0035353535353535
30,S12000049,2.7351145038167943
31,S12000050,1.0095833333333333
