,ltla24_code,fuel_poverty_score,z_fuel_poverty_score
0,S12000033,32.46564054,-1.681824591873306
1,S12000034,38.89749267,-0.948585703820079
2,S12000041,49.49873843,0.2599690788349437
3,S12000035,49.21301305,0.2273960414445789
4,S12000005,47.96728183,0.08538118225564528
5,S12000006,57.79679474,1.205957490690343
6,S12000042,56.32726558,1.0384293968440383
7,S12000008,55.91123979,0.9910019558059833
8,S12000045,31.37864948,-1.8057428816674155
9,S12000010,37.4283504,-1.1160696917404906
10,S12000011,26.63081129,-2.34700215267187
11,S12000036,29.81795534,-1.9836638930145447
12,S12000014,41.00126316,-0.7087533346006711
13,S12000047,49.90247302,0.3059953082719418
14,S12000049,55.33273224,0.9250513984674705
15,S12000017,54.01398342,0.7747124449507791
16,S12000018,56.18572783,1.0222939229043477
17,S12000019,44.43352198,-0.31747169599625824
18,S12000020,46.8473409,-0.042293432396681346
19,S12000013,56.42504153,1.04957597288579
20,S12000021,52.92706067,0.6508019425789288
21,S12000050,56.53735406,1.062379736552484
22,S12000023,48.96335737,0.19893499328932926
23,S12000048,46.47664237,-0.0845535112116719
24,S12000038,45.29669795,-0.21906859598017217
25,S12000026,56.9743576,1.1121986663519356
26,S12000027,39.42742157,-0.8881731710799535
27,S12000028,44.83769282,-0.2713957335339281
28,S12000029,50.86086919,0.41525362575214675
29,S12000030,41.24412975,-0.6810662508808409
30,S12000039,59.04921356,1.3487347443324804
31,S12000040,50.91650994,0.4215967382547104
