,area_code,fuel_poverty_score
0,S12000033,32.46564054
1,S12000034,38.89749267
2,S12000041,49.49873843
3,S12000035,49.21301305
4,S12000005,47.96728183
5,S12000006,57.79679474
6,S12000042,56.32726558
7,S12000008,55.91123979
8,S12000045,31.37864948
9,S12000010,37.4283504
10,S12000011,26.63081129
11,S12000036,29.81795534
12,S12000014,41.00126316
13,S12000047,49.90247302
14,S12000049,55.33273224
15,S12000017,54.01398342
16,S12000018,56.18572783
17,S12000019,44.43352198
18,S12000020,46.8473409
19,S12000013,56.42504153
20,S12000021,52.92706067
21,S12000050,56.53735406
22,S12000023,48.96335737
23,S12000048,46.47664237
24,S12000038,45.29669795
25,S12000026,56.9743576
26,S12000027,39.42742157
27,S12000028,44.83769282
28,S12000029,50.86086919
29,S12000030,41.24412975
30,S12000039,59.04921356
31,S12000040,50.91650994
