,all_hh_count,hh_assessed_as_homeless_count,hh_assessed_as_homeless_per_10khh,lad24cd,lad24nm
0,111024,1270,114.38968151030407,S12000033,Aberdeen City
1,116807,698,59.75669266396705,S12000034,Aberdeenshire
2,54804,492,89.7744690168601,S12000041,Angus
3,24305,484,199.13598025097716,S12000005,Clackmannanshire
4,70409,1106,157.0821911971481,S12000042,Dundee City
5,55811,719,128.82765046317036,S12000008,East Ayrshire
6,46610,252,54.06565114782235,S12000045,East Dunbartonshire
7,49686,645,129.8152397053496,S12000010,East Lothian
8,40260,324,80.47690014903131,S12000011,East Renfrewshire
9,72907,1011,138.66981222653519,S12000014,Falkirk
10,170982,2157,126.15363020668842,S12000047,Fife
11,297386,6199,208.4496243938854,S12000049,Glasgow City
12,112857,1263,111.911534065233,S12000017,Highland
13,37556,343,91.33028011502823,S12000018,Inverclyde
14,41958,654,155.87015587015586,S12000019,Midlothian
15,43891,399,90.90701966234535,S12000020,Moray
16,64633,997,154.2555660421147,S12000021,North Ayrshire
17,152653,1864,122.10700084505382,S12000050,North Lanarkshire
18,87576,848,96.83018178496391,S12000038,Renfrewshire
19,55826,667,119.47837924981192,S12000026,Scottish Borders
20,52851,846,160.07265709258104,S12000028,South Ayrshire
21,149454,2267,151.6854684384493,S12000029,South Lanarkshire
22,40810,443,108.55182553295761,S12000030,Stirling
23,42822,1008,235.39302227826818,S12000039,West Dunbartonshire
24,81029,994,122.67212973133076,S12000040,West Lothian
