,ltla_nm,all_hh_count,hh_assessed_as_homeless_count,hh_assessed_as_homeless_per_10khh,ltla24_code
1,Aberdeen City,111024,1270,114.38968151030407,S12000033
2,Aberdeenshire,116807,698,59.75669266396705,S12000034
3,Angus,54804,492,89.7744690168601,S12000041
4,Argyll & Bute,42610,416,97.62966439802864,S12000035
5,Clackmannanshire,24305,484,199.13598025097716,S12000005
6,Dumfries & Galloway,70696,841,118.96005431707593,S12000006
7,Dundee City,70409,1106,157.0821911971481,S12000042
8,East Ayrshire,55811,719,128.82765046317036,S12000008
9,East Dunbartonshire,46610,252,54.06565114782235,S12000045
10,East Lothian,49686,645,129.8152397053496,S12000010
11,East Renfrewshire,40260,324,80.47690014903131,S12000011
12,Edinburgh,242021,3375,139.4507088227881,S12000036
13,Eilean Siar,12806,123,96.04872715914415,S12000013
14,Falkirk,72907,1011,138.66981222653519,S12000014
15,Fife,170982,2157,126.15363020668842,S12000047
16,Glasgow City,297386,6199,208.4496243938854,S12000049
17,Highland,112857,1263,111.911534065233,S12000017
18,Inverclyde,37556,343,91.33028011502823,S12000018
19,Midlothian,41958,654,155.87015587015586,S12000019
20,Moray,43891,399,90.90701966234535,S12000020
21,North Ayrshire,64633,997,154.2555660421147,S12000021
22,North Lanarkshire,152653,1864,122.10700084505382,S12000050
23,Orkney,10811,119,110.07307372120988,S12000023
24,Perth & Kinross,70837,718,101.35945903976736,S12000048
25,Renfrewshire,87576,848,96.83018178496391,S12000038
26,Scottish Borders,55826,667,119.47837924981192,S12000026
27,Shetland,10621,77,72.4978815554091,S12000027
28,South Ayrshire,52851,846,160.07265709258104,S12000028
29,South Lanarkshire,149454,2267,151.6854684384493,S12000029
30,Stirling,40810,443,108.55182553295761,S12000030
31,West Dunbartonshire,42822,1008,235.39302227826818,S12000039
32,West Lothian,81029,994,122.67212973133076,S12000040
