,lad24cd,low_attainment_num,total_pop_over16,low_attainment_perc,z_low_attainment_perc
0,S12000005,21340.0,43059.0,49.55990617524792,0.9159045330325936
1,S12000006,64405.0,123724.0,52.05538133264363,1.3531883488735428
2,S12000008,51351.0,99959.0,51.372062545643715,1.2334499312300813
3,S12000010,39065.0,92112.0,42.41032655897169,-0.33692118514713
4,S12000011,24113.0,76704.0,31.436430955360866,-2.2598844051837954
5,S12000013,10059.0,22168.0,45.37621797185132,0.18279399236134797
6,S12000014,63768.0,131408.0,48.52672592231828,0.7348596518148285
7,S12000017,89210.0,198106.0,45.03144781076797,0.12237968161182289
8,S12000018,32519.0,65943.0,49.31380131325539,0.872779410015375
9,S12000019,36970.0,78336.0,47.19413807189542,0.5013493728408144
10,S12000020,37588.0,77754.0,48.34220747485659,0.7025263582695229
11,S12000021,55578.0,112212.0,49.52946208961608,0.9105697951188847
12,S12000023,8238.0,18448.0,44.65524718126626,0.05645778841936379
13,S12000026,44581.0,98596.0,45.21583025680555,0.15468914353471563
14,S12000027,8710.0,18786.0,46.36431385073991,0.35593870793048216
15,S12000028,42001.0,94544.0,44.42481807412422,0.016079538628629556
16,S12000029,125425.0,272444.0,46.036983747118676,0.2985804303588132
17,S12000030,27507.0,77904.0,35.308841651263094,-1.5813192347035518
18,S12000033,71870.0,188826.0,38.06149576859119,-1.098969774101544
19,S12000034,96862.0,215031.0,45.0455980765564,0.12485924234829839
20,S12000035,30982.0,73399.0,42.210384337661274,-0.37195719711591996
21,S12000036,124327.0,439030.0,28.318565929435348,-2.8062300226799812
22,S12000038,67404.0,154711.0,43.56768426291602,-0.13411660439471834
23,S12000039,37779.0,73349.0,51.50581466686662,1.2568874067632823
24,S12000040,69693.0,148091.0,47.06092875326657,0.47800701297681686
25,S12000041,44799.0,96054.0,46.6393903429321,0.40414054949057854
26,S12000042,53786.0,125263.0,42.93845748545061,-0.24437644227125516
27,S12000045,30232.0,89692.0,33.70646211479284,-1.8621052950482326
28,S12000047,138746.0,309895.0,44.77193888252472,0.07690575491265646
29,S12000048,50588.0,127054.0,39.81614116832213,-0.7915020625644562
30,S12000049,219993.0,525127.0,41.8932943840252,-0.4275210862133046
31,S12000050,143079.0,280726.0,50.96749143292748,1.1625566588914378
