,lad24cd,no_cars_or_vans_perc,z_no_cars_or_vans_perc
0,S12000005,20.3779046819155,-0.21912717100368337
1,S12000006,18.683759852529604,-0.4786113323470715
2,S12000008,22.801658241018718,0.15210771321511626
3,S12000010,17.68867023053622,-0.6310245095121311
4,S12000011,14.592395321628919,-1.1052663122732451
5,S12000013,17.89072166975156,-0.6000772449432444
6,S12000014,20.319923526875986,-0.22800787065118802
7,S12000017,17.914690234261247,-0.5964060931311201
8,S12000018,29.465507105223843,1.1727779675251655
9,S12000019,18.796246859511662,-0.4613822288120759
10,S12000020,16.871703434614922,-0.7561554547583395
11,S12000021,26.51744225732627,0.7212367997491387
12,S12000023,16.68395847160589,-0.7849114639423376
13,S12000026,17.091152718437,-0.7225434445085305
14,S12000027,15.442730603894786,-0.975024473587332
15,S12000028,21.096928115279052,-0.10899774797187793
16,S12000029,21.444489705652114,-0.05576338085710209
17,S12000030,18.648574279778767,-0.48400054032874523
18,S12000033,28.825148881931195,1.0746973231503476
19,S12000034,12.159212643129,-1.4779454101722567
20,S12000035,20.269773478339612,-0.2356891167052861
21,S12000036,35.53811476413439,2.10289059910639
22,S12000038,25.726984737787372,0.600166155151725
23,S12000039,30.1216690028287,1.2732791860468433
24,S12000040,19.593876910110627,-0.3392130015111365
25,S12000041,18.61226861374196,-0.48956130770834927
26,S12000042,33.3644621154619,1.7699624900042483
27,S12000045,15.76046387606489,-0.9263587690797452
28,S12000047,20.991335205952673,-0.12517091513273748
29,S12000048,17.845010882926292,-0.6070785502495921
30,S12000049,42.00004178095179,3.09263343781567
31,S12000050,24.737194550848606,0.4485646674224733
