,lad24cd,no_cars_or_vans_perc
0,S12000005,20.3779046819155
1,S12000006,18.683759852529604
2,S12000008,22.801658241018718
3,S12000010,17.68867023053622
4,S12000011,14.592395321628919
5,S12000013,17.89072166975156
6,S12000014,20.319923526875986
7,S12000017,17.914690234261247
8,S12000018,29.465507105223843
9,S12000019,18.796246859511662
10,S12000020,16.871703434614922
11,S12000021,26.51744225732627
12,S12000023,16.68395847160589
13,S12000026,17.091152718437
14,S12000027,15.442730603894786
15,S12000028,21.096928115279052
16,S12000029,21.444489705652114
17,S12000030,18.648574279778767
18,S12000033,28.825148881931195
19,S12000034,12.159212643129
20,S12000035,20.269773478339612
21,S12000036,35.53811476413439
22,S12000038,25.726984737787372
23,S12000039,30.1216690028287
24,S12000040,19.593876910110627
25,S12000041,18.61226861374196
26,S12000042,33.3644621154619
27,S12000045,15.76046387606489
28,S12000047,20.991335205952673
29,S12000048,17.845010882926292
30,S12000049,42.00004178095179
31,S12000050,24.737194550848606
