,lad24cd,no_cars_or_vans_perc
0,S12000005,20.37767123287671
1,S12000006,18.683663366336635
2,S12000008,22.80132530120482
3,S12000010,17.688355263157895
4,S12000011,14.592500000000001
5,S12000013,17.890810810810812
6,S12000014,20.319955555555556
7,S12000017,17.914495412844037
8,S12000018,29.46543859649123
9,S12000019,18.796376811594204
10,S12000020,16.871594202898553
11,S12000021,26.517379679144383
12,S12000023,16.68375
13,S12000026,17.09126582278481
14,S12000027,15.442903225806452
15,S12000028,21.09690322580645
16,S12000029,21.444753747323343
17,S12000030,18.648373983739837
18,S12000033,28.825333333333333
19,S12000034,12.1592817679558
20,S12000035,20.26944
21,S12000036,35.53791411042945
22,S12000038,25.727165991902833
23,S12000039,30.121639344262295
24,S12000040,19.593798449612404
25,S12000041,18.612469135802467
26,S12000042,33.36445595854922
27,S12000045,15.760359712230215
28,S12000047,20.99133072407045
29,S12000048,17.844646464646463
30,S12000049,42.00013994910942
31,S12000050,24.737145833333333
