,ltla24_code,all_households,one_person_household_total,one_person_hh_perc,z_one_person_hh_perc
0,S12000005,24045,8757,36.419213973799124,0.005406413624061658
1,S12000006,70672,26530,37.53961965134707,0.3017837831292976
2,S12000008,55395,19692,35.54833468724614,-0.22496452904203834
3,S12000010,48770,15101,30.963707197047363,-1.437721535665081
4,S12000011,39353,11867,30.155261352374662,-1.6515771574572873
5,S12000013,12735,5281,41.46839418924225,1.3410500830545733
6,S12000014,72499,25218,34.78392805418006,-0.4271705975049364
7,S12000017,111723,41768,37.38531904800265,0.26096713265286126
8,S12000018,37132,14708,39.610039857804594,0.8494654906187813
9,S12000019,41060,11814,28.772528007793476,-2.017347234855537
10,S12000020,43117,15348,35.59616856460329,-0.21231118478607677
11,S12000021,64214,24917,38.80306475223472,0.6359989187887972
12,S12000023,10622,4099,38.5897194501977,0.5795633609536968
13,S12000026,55596,19991,35.95762285056479,-0.11669682597265613
14,S12000027,10594,4021,37.95544647913914,0.4117811384269264
15,S12000028,52473,19245,36.67600480246984,0.07333447918069128
16,S12000029,148174,51159,34.52630016062197,-0.4953200891881875
17,S12000030,40310,13373,33.17539072190524,-0.8526718894422769
18,S12000033,109471,47493,43.3840925907318,1.8478037209346017
19,S12000034,115625,35563,30.757189189189187,-1.4923510909690334
20,S12000035,41824,16400,39.21193573068095,0.744156265263633
21,S12000036,238636,92710,38.849963961849845,0.6484050183437606
22,S12000038,86948,33880,38.965818650227725,0.6790516925568297
23,S12000039,42574,17453,40.994503687696714,1.2156933278219828
24,S12000040,80087,25981,32.44097044464145,-1.0469457620659126
25,S12000041,54223,19751,36.425502093207676,0.0070697899588908035
26,S12000042,69850,28841,41.28990694345025,1.293835416565342
27,S12000045,46445,14005,30.15394552696738,-1.6519252285896935
28,S12000047,169485,59596,35.16299377526035,-0.32689754147289596
29,S12000048,69901,24408,34.91795539405731,-0.3917167692794866
30,S12000049,293701,128350,43.70090670443751,1.9316095561993138
31,S12000050,151288,52314,34.57908095817249,-0.48135815178293756
