,ltla20_code,total_hh,overcrowded_hh_count,overcrowded_hh_perc
0,S12000005,24083.0,439.0,1.8228626001743968
1,S12000006,70626.0,897.0,1.2700705122759324
2,S12000008,55435.0,972.0,1.75340488860828
3,S12000010,48786.0,1128.0,2.312138728323699
4,S12000011,39725.0,821.0,2.066708621774701
5,S12000013,12710.0,110.0,0.865460267505901
6,S12000014,72494.0,1267.0,1.7477308466907606
7,S12000017,111731.0,1544.0,1.381890433272771
8,S12000018,37416.0,1037.0,2.7715415864870643
9,S12000019,41020.0,951.0,2.318381277425646
10,S12000020,43127.0,542.0,1.2567533099914208
11,S12000021,64154.0,1228.0,1.9141440907815568
12,S12000023,10629.0,78.0,0.7338413773638159
13,S12000026,55602.0,707.0,1.2715369950721196
14,S12000027,10571.0,116.0,1.0973417841263835
15,S12000028,52501.0,896.0,1.7066341593493457
16,S12000029,147751.0,3275.0,2.2165670621518636
17,S12000030,40360.0,738.0,1.8285431119920714
18,S12000033,109459.0,2597.0,2.372577860203364
19,S12000034,115791.0,1339.0,1.1563938475356461
20,S12000035,41897.0,550.0,1.3127431558345466
21,S12000036,238950.0,6585.0,2.7558066541117388
22,S12000038,86753.0,2160.0,2.4898274411259553
23,S12000039,42594.0,1108.0,2.601305348171104
24,S12000040,79831.0,1572.0,1.9691598501835126
25,S12000041,54271.0,823.0,1.516463673048221
26,S12000042,69881.0,2236.0,3.1997252472059645
27,S12000045,46468.0,765.0,1.6462942239820952
28,S12000047,169610.0,3110.0,1.8336183008077354
29,S12000048,69966.0,1095.0,1.5650458794271502
30,S12000049,293960.0,13843.0,4.709144101238263
31,S12000050,151205.0,4710.0,3.114976356601964
