,lad24cd,pop_in_flats_perc,z_pop_in_flats_perc
0,S12000005,22.36597340388187,-0.16869659545210985
1,S12000006,12.162801010739761,-0.9097394106694408
2,S12000008,19.600931425866765,-0.3695179099052128
3,S12000010,20.854678832354292,-0.2784599063866787
4,S12000011,20.915351367706137,-0.2740533409900454
5,S12000013,4.990174451292754,-1.430677720178721
6,S12000014,26.088584573452476,0.10167169342559627
7,S12000017,13.581931151482294,-0.8066698795339624
8,S12000018,39.87168737233803,1.1027200837655562
9,S12000019,19.204728542642247,-0.39829359737465725
10,S12000020,12.016143241787896,-0.9203909690073779
11,S12000021,20.970000386020146,-0.27008425560955174
12,S12000023,6.340531073458955,-1.3326031180569347
13,S12000026,22.12495303688268,-0.18620158354834568
14,S12000027,8.596258436128766,-1.1687726454561647
15,S12000028,21.274307838554595,-0.2479828108207416
16,S12000029,24.309212814600116,-0.02756170641232422
17,S12000030,23.26547483902421,-0.10336700480068337
18,S12000033,45.61548624664095,1.5198845424114218
19,S12000034,10.196935347038172,-1.0525176143139925
20,S12000035,27.80729838936661,0.2264995876944404
21,S12000036,59.39462463067452,2.520645002583253
22,S12000038,33.2981087416661,0.625289827093643
23,S12000039,41.99704051284487,1.257081650333889
24,S12000040,18.32532746280202,-0.4621633260041544
25,S12000041,20.187507508759374,-0.326915670615592
26,S12000042,42.27593185945269,1.2773371572161332
27,S12000045,17.695684994291856,-0.5078934194953486
28,S12000047,22.190965405529354,-0.18140719317482074
29,S12000048,21.202537495417225,-0.25319539520904205
30,S12000049,64.79270174244768,2.9127001502897927
31,S12000050,26.524551332381066,0.13333537820218241
