,lad24cd,pop_in_flats_perc
0,S12000005,22.36597340388187
1,S12000006,12.162801010739761
2,S12000008,19.600931425866765
3,S12000010,20.854678832354292
4,S12000011,20.915351367706137
5,S12000013,4.990174451292754
6,S12000014,26.088584573452476
7,S12000017,13.581931151482294
8,S12000018,39.87168737233803
9,S12000019,19.204728542642247
10,S12000020,12.016143241787896
11,S12000021,20.970000386020146
12,S12000023,6.340531073458955
13,S12000026,22.12495303688268
14,S12000027,8.596258436128766
15,S12000028,21.274307838554595
16,S12000029,24.309212814600116
17,S12000030,23.26547483902421
18,S12000033,45.61548624664095
19,S12000034,10.196935347038172
20,S12000035,27.80729838936661
21,S12000036,59.39462463067452
22,S12000038,33.2981087416661
23,S12000039,41.99704051284487
24,S12000040,18.32532746280202
25,S12000041,20.187507508759374
26,S12000042,42.27593185945269
27,S12000045,17.695684994291856
28,S12000047,22.190965405529354
29,S12000048,21.202537495417225
30,S12000049,64.79270174244768
31,S12000050,26.524551332381066
