,lad24cd,false,true,rural_dz22_perc
0,S12000005,64.0,9.0,12.32876712328767
1,S12000006,88.0,114.0,56.43564356435643
2,S12000008,121.0,45.0,27.10843373493976
3,S12000010,116.0,36.0,23.684210526315788
4,S12000011,127.0,5.0,3.787878787878788
5,S12000013,,37.0,
6,S12000014,208.0,17.0,7.555555555555555
7,S12000017,132.0,195.0,59.63302752293578
8,S12000018,113.0,1.0,0.8771929824561403
9,S12000019,124.0,14.0,10.144927536231885
10,S12000020,82.0,56.0,40.57971014492754
11,S12000021,167.0,20.0,10.695187165775401
12,S12000023,,32.0,
13,S12000026,87.0,71.0,44.936708860759495
14,S12000027,,31.0,
15,S12000028,115.0,40.0,25.806451612903224
16,S12000029,424.0,43.0,9.207708779443255
17,S12000030,82.0,41.0,33.33333333333333
18,S12000033,296.0,4.0,1.3333333333333335
19,S12000034,176.0,186.0,51.38121546961326
20,S12000035,26.0,99.0,79.2
21,S12000036,648.0,4.0,0.6134969325153374
22,S12000038,237.0,10.0,4.048582995951417
23,S12000039,121.0,1.0,0.819672131147541
24,S12000040,241.0,17.0,6.5891472868217065
25,S12000041,120.0,42.0,25.925925925925924
26,S12000042,189.0,4.0,2.072538860103627
27,S12000045,134.0,5.0,3.597122302158273
28,S12000047,426.0,85.0,16.634050880626223
29,S12000048,111.0,87.0,43.93939393939394
30,S12000049,783.0,3.0,0.38167938931297707
31,S12000050,452.0,28.0,5.833333333333333
