,ltla24_code,uc_claimants,pop_aged18_64,uc_claimants_perc,z_uc_claimants_perc
0,S12000005,7160.0,31121.0,23.006972783650912,0.9706778135561613
1,S12000006,17251.0,80977.0,21.303580028897095,0.591347214813349
2,S12000008,17637.0,71776.0,24.572280427998216,1.319258071567637
3,S12000010,11180.0,65992.0,16.941447448175538,-0.38006138078079016
4,S12000011,6358.0,53382.0,11.910381776628826,-1.500435497775341
5,S12000013,2017.0,14651.0,13.766978363251656,-1.0869877518799538
6,S12000014,19134.0,96726.0,19.78165126232864,0.2524270517122925
7,S12000017,22754.0,137142.0,16.591562030596023,-0.45797778882668316
8,S12000018,11808.0,46821.0,25.2194528096367,1.4633776742438955
9,S12000019,10666.0,57842.0,18.439887970678743,-0.04637184324146787
10,S12000020,8943.0,54196.0,16.501217802051812,-0.4780966546672192
11,S12000021,20817.0,77657.0,26.806340703349345,1.8167636641630178
12,S12000023,1609.0,12607.0,12.76275085270088,-1.310620394315541
13,S12000026,11718.0,65351.0,17.930865633272635,-0.159726644993945
14,S12000027,1538.0,13248.0,11.609299516908212,-1.567483871400228
15,S12000028,13332.0,62694.0,21.265192841420234,0.5827987254711158
16,S12000029,38277.0,199187.0,19.216615542178957,0.12659856181335985
17,S12000030,8130.0,56875.0,14.294505494505493,-0.969512095139523
18,S12000033,22979.0,146851.0,15.647833518328103,-0.6681378359503963
19,S12000034,19077.0,153942.0,12.392329578672486,-1.3931099571436822
20,S12000035,8313.0,48463.0,17.153292202298662,-0.3328854155209976
21,S12000036,47142.0,348328.0,13.53379573275763,-1.1389154747112669
22,S12000038,21646.0,114650.0,18.88006977758395,0.05165277727136135
23,S12000039,14242.0,53863.0,26.441156266825093,1.7354402990308693
24,S12000040,22616.0,112385.0,20.123681986030164,0.32859428845088434
25,S12000041,12983.0,64895.0,20.006163803066492,0.3024240217391303
26,S12000042,22189.0,95653.0,23.19739056799055,1.0130821809243162
27,S12000045,7482.0,61180.0,12.229486760379208,-1.4293736218750046
28,S12000047,46744.0,222196.0,21.03728239932312,0.5320450726689872
29,S12000048,13726.0,86231.0,15.917709408449399,-0.6080388466243815
30,S12000049,109500.0,426474.0,25.67565666371221,1.5649702638755525
31,S12000050,47856.0,211911.0,22.583065532228154,0.8762773935444803
