,ltla24_code,under5_perc,z_under5_perc
0,S12000005,4.517232909417039,0.04723781386287746
1,S12000006,3.9531876492964337,-1.376297232592729
2,S12000008,4.753018950238375,0.6423136283505555
3,S12000010,4.893800029804909,0.9976163226732866
4,S12000011,4.859791790514401,0.9117864719128429
5,S12000013,3.8959559547082825,-1.520738341798853
6,S12000014,4.549704051134756,0.12918834425774842
7,S12000017,4.1379050545750005,-0.9101082249089156
8,S12000018,4.264051696274577,-0.5917398630976164
9,S12000019,5.6279572929641715,2.8504793242942474
10,S12000020,4.5088658227382385,0.026120995823385378
11,S12000021,4.158815017472932,-0.8573357488155476
12,S12000023,4.2915249891265175,-0.522402882572484
13,S12000026,4.009574299245587,-1.233988843479272
14,S12000027,4.40684502064454,-0.23135867383439693
15,S12000028,3.8540969974036017,-1.6263818015427765
16,S12000029,4.854881370543724,0.8993935747194882
17,S12000030,4.142565210932607,-0.8983469419657756
18,S12000033,4.7586578416779926,0.6565450387620846
19,S12000034,4.966453009469743,1.180977606057181
20,S12000035,3.8793004239766247,-1.5627734999504588
21,S12000036,4.404674100242573,-0.23683763358064888
22,S12000038,4.6087044036389475,0.2780931848462367
23,S12000039,4.575116354497607,0.1933238082104894
24,S12000040,5.002862854071421,1.2728686181639204
25,S12000041,4.290796077841627,-0.5242425057962959
26,S12000042,4.505814675655806,0.018420523696725102
27,S12000045,4.787534416981527,0.7294236176147916
28,S12000047,4.497058571020874,-0.003678096218266464
29,S12000048,4.2191125455479,-0.7051571019973752
30,S12000049,4.8060439257823,0.7761378377909278
31,S12000050,4.970606703340767,1.1914606811146446
