,ltla20_code,uc_claimants_12mo_avg,lad24cd,working_age_pop,uc_claimants_12mo_avg_perc
0,S12000005,6457.083333333333,S12000005,32958.0,19.591854279183607
1,S12000006,15315.666666666666,S12000006,86243.0,17.758735974707125
2,S12000008,15936.416666666666,S12000008,75936.0,20.986642260148898
3,S12000010,10234.166666666666,S12000010,70112.0,14.596883082306404
4,S12000011,5640.25,S12000011,57181.0,9.86385337787027
5,S12000013,1750.8333333333333,S12000013,15558.0,11.253588721772292
6,S12000014,17135.666666666668,S12000014,102062.0,16.78946783980979
7,S12000017,20761.5,S12000017,145377.0,14.281144885367011
8,S12000018,10661.666666666666,S12000018,49574.0,21.506569303801722
9,S12000019,9616.333333333334,S12000019,60977.0,15.770427100928766
10,S12000020,7963.25,S12000020,57569.0,13.832531397106083
11,S12000021,18683.333333333332,S12000021,82457.0,22.658274413734834
12,S12000023,1453.0833333333333,S12000023,13340.0,10.892678660669665
13,S12000026,10557.166666666666,S12000026,69612.0,15.165728131165125
14,S12000027,1504.75,S12000027,14018.0,10.734412897702954
15,S12000028,11937.75,S12000028,66639.0,17.914059334623868
16,S12000029,34416.5,S12000029,210569.0,16.344523647830403
17,S12000030,7251.583333333333,S12000030,60099.0,12.066063217912665
18,S12000033,20402.833333333332,S12000033,153128.0,13.324038277345313
19,S12000034,17133.833333333332,S12000034,163271.0,10.494106934687318
20,S12000035,7380.333333333333,S12000035,51549.0,14.317122220282318
21,S12000036,40835.166666666664,S12000036,361861.0,11.284765881558572
22,S12000038,19021.25,S12000038,120742.0,15.753631710589522
23,S12000039,12474.75,S12000039,56930.0,21.912436325311788
24,S12000040,20026.083333333332,S12000040,118739.0,16.86563246560383
25,S12000041,11656.0,S12000041,69028.0,16.88590137335574
26,S12000042,19659.666666666668,S12000042,100055.0,19.648859793780087
27,S12000045,6726.5,S12000045,65091.0,10.333993946935829
28,S12000047,42171.75,S12000047,234782.0,17.962088235043574
29,S12000048,12330.333333333334,S12000048,91711.0,13.44477034743197
30,S12000049,93476.91666666667,S12000049,444389.0,21.034930357562107
31,S12000050,42454.833333333336,S12000050,223761.0,18.97329442276953
