,lad24cd,under5_perc
0,S12000005,4.517232909417039
1,S12000006,3.9531876492964337
2,S12000008,4.753018950238375
3,S12000010,4.893800029804909
4,S12000011,4.859791790514401
5,S12000013,3.8959559547082825
6,S12000014,4.549704051134756
7,S12000017,4.1379050545750005
8,S12000018,4.264051696274577
9,S12000019,5.6279572929641715
10,S12000020,4.5088658227382385
11,S12000021,4.158815017472932
12,S12000023,4.2915249891265175
13,S12000026,4.009574299245587
14,S12000027,4.40684502064454
15,S12000028,3.8540969974036017
16,S12000029,4.854881370543724
17,S12000030,4.142565210932607
18,S12000033,4.7586578416779926
19,S12000034,4.966453009469743
20,S12000035,3.8793004239766247
21,S12000036,4.404674100242573
22,S12000038,4.6087044036389475
23,S12000039,4.575116354497607
24,S12000040,5.002862854071421
25,S12000041,4.290796077841627
26,S12000042,4.505814675655806
27,S12000045,4.787534416981527
28,S12000047,4.497058571020874
29,S12000048,4.2191125455479
30,S12000049,4.8060439257823
31,S12000050,4.970606703340767
