,lad24cd,all_people_aged_3_and_over,unpaid_carers_num,unpaid_carers_perc
0,S12000005,50404,6407,12.71129275454329
1,S12000006,142481,18129,12.72380177006057
2,S12000008,116960,15497,13.249829001367988
3,S12000010,109087,13144,12.049098426026934
4,S12000011,93264,11702,12.54717790358552
5,S12000013,25559,3374,13.200829453421495
6,S12000014,154095,19836,12.872578604107856
7,S12000017,229585,26092,11.36485397565172
8,S12000018,76013,10541,13.867364792864379
9,S12000019,93273,11630,12.46877445777449
10,S12000020,90809,9483,10.442797520069597
11,S12000021,130133,17232,13.241837197328888
12,S12000023,21402,2545,11.891412017568452
13,S12000026,114145,13170,11.53795610845854
14,S12000027,22396,2784,12.430791212716557
15,S12000028,109041,13616,12.487046156950138
16,S12000029,318632,42466,13.327600492103745
17,S12000030,90433,10706,11.838598741609811
18,S12000033,217749,18888,8.674207459046885
19,S12000034,256395,25254,9.84964605394021
20,S12000035,84072,10291,12.24069844894852
21,S12000036,500545,48179,9.625308413828927
22,S12000038,179410,22748,12.679337829552423
23,S12000039,86069,11312,13.142943452346373
24,S12000040,176603,22193,12.566604191321778
25,S12000041,111611,13230,11.853670337153147
26,S12000042,144833,16890,11.661706931431373
27,S12000045,106017,13866,13.079034494467868
28,S12000047,362105,44141,12.190110603278056
29,S12000048,147245,17904,12.159326292913173
30,S12000049,603147,69028,11.44463953231965
31,S12000050,331164,45336,13.689893829039388
