,lad24cd,all_people_aged_3_and_over,unpaid_carers_num,unpaid_carers_perc,z_unpaid_carers_perc
0,S12000005,50404,6407,12.71129275454329,0.47698620063722663
1,S12000006,142481,18129,12.72380177006057,0.48780351520372334
2,S12000008,116960,15497,13.249829001367988,0.9426915936248751
3,S12000010,109087,13144,12.049098426026934,-0.09565393605590625
4,S12000011,93264,11702,12.54717790358552,0.33506600193001435
5,S12000013,25559,3374,13.200829453421495,0.9003186728285762
6,S12000014,154095,19836,12.872578604107856,0.6164599879592206
7,S12000017,229585,26092,11.36485397565172,-0.6873621683995207
8,S12000018,76013,10541,13.867364792864379,1.4767127484838904
9,S12000019,93273,11630,12.46877445777449,0.26726572338182353
10,S12000020,90809,9483,10.442797520069597,-1.484721058419507
11,S12000021,130133,17232,13.241837197328888,0.935780589467487
12,S12000023,21402,2545,11.891412017568452,-0.23201506541898184
13,S12000026,114145,13170,11.53795610845854,-0.5376701146870406
14,S12000027,22396,2784,12.430791212716557,0.234419276794526
15,S12000028,109041,13616,12.487046156950138,0.2830663847028003
16,S12000029,318632,42466,13.327600492103745,1.0099453817772635
17,S12000030,90433,10706,11.838598741609811,-0.27768595123270934
18,S12000033,217749,18888,8.674207459046885,-3.0141295880383856
19,S12000034,256395,25254,9.84964605394021,-1.997655588386074
20,S12000035,84072,10291,12.24069844894852,0.07003438018510807
21,S12000036,500545,48179,9.625308413828927,-2.191654134381726
22,S12000038,179410,22748,12.679337829552423,0.4493528129339721
23,S12000039,86069,11312,13.142943452346373,0.8502610898188511
24,S12000040,176603,22193,12.566604191321778,0.3518651069444809
25,S12000041,111611,13230,11.853670337153147,-0.26465261621237396
26,S12000042,144833,16890,11.661706931431373,-0.43065517189551383
27,S12000045,106017,13866,13.079034494467868,0.7949950858688356
28,S12000047,362105,44141,12.190110603278056,0.026287960724449957
29,S12000048,147245,17904,12.159326292913173,-0.0003331245615664948
30,S12000049,603147,69028,11.44463953231965,-0.6183666936439061
31,S12000050,331164,45336,13.689893829039388,1.3232426980660625
