,ltla24_code,aged85plus_perc,z_aged85plus_perc
0,S12000005,2.0899911296414104,-0.9823265226718935
1,S12000006,3.2560981523074033,1.3121136491529874
2,S12000008,2.2824062311895164,-0.6037292498003174
3,S12000010,2.6335597882139115,0.0872028962680178
4,S12000011,3.0859504145699748,0.9773297939650228
5,S12000013,3.3240538644890485,1.4458237742991904
6,S12000014,2.185424750897547,-0.7945506752610858
7,S12000017,2.796721088553069,0.4082401893369376
8,S12000018,2.645084321545359,0.10987864705524372
9,S12000019,1.9495473704439248,-1.2586646260546308
10,S12000020,2.7496778366865535,0.31567756446822026
11,S12000021,2.4620362212149596,-0.25028805000665877
12,S12000023,3.058187456515725,0.9227032073737461
13,S12000026,3.208170905279507,1.2178116693446748
14,S12000027,2.61475206510195,0.0501966913401152
15,S12000028,3.3373775272336452,1.4720395044533219
16,S12000029,2.25651858685805,-0.6546659562547852
17,S12000030,2.4887049308332996,-0.1978145141392923
18,S12000033,2.181005949770174,-0.8032451386515648
19,S12000034,2.381103537579482,-0.4095317531466088
20,S12000035,3.264460524666478,1.328567510333373
21,S12000036,2.2559585595785787,-0.6557678697690345
22,S12000038,2.236239796708622,-0.6945666427702296
23,S12000039,2.180213819062387,-0.8048037404625095
24,S12000040,1.7059526283951219,-1.7379633104277736
25,S12000041,3.08915228069773,0.9836298077077845
26,S12000042,2.4723843506426006,-0.22992699960517804
27,S12000045,3.4265358172863367,1.6474679671688788
28,S12000047,2.545153419255033,-0.08674608134869903
29,S12000048,3.2439135393459226,1.2881391211606565
30,S12000049,1.6739745189962598,-1.8008836577008862
31,S12000050,1.7753852514325494,-1.6013472053570486
