,lad24cd,limited_a_lot_a_little_perc
0,S12000005,26.023446851935077
1,S12000006,27.153688092773116
2,S12000008,27.22811842841382
3,S12000010,22.421025517010506
4,S12000011,19.68282506114954
5,S12000013,24.333572487583968
6,S12000014,24.905594542058505
7,S12000017,23.964126708970987
8,S12000018,29.504656230570834
9,S12000019,23.04710423403726
10,S12000020,23.140662636162173
11,S12000021,28.600304001744572
12,S12000023,24.139691260492114
13,S12000026,23.64912047708235
14,S12000027,22.052785336122408
15,S12000028,26.532413892779974
16,S12000029,25.058637315818967
17,S12000030,22.274567423284758
18,S12000033,20.377854735633672
19,S12000034,19.881050833962988
20,S12000035,25.563341659003218
21,S12000036,19.640683627783226
22,S12000038,24.73329161216825
23,S12000039,27.478707182021502
24,S12000040,24.168988489878505
25,S12000041,24.580950534908453
26,S12000042,25.904617463546217
27,S12000045,21.467496267042968
28,S12000047,25.741750136954774
29,S12000048,22.71928271127484
30,S12000049,26.473178217209842
31,S12000050,26.362618464911005
