,lad24cd,over65_perc,z_over65_perc
0,S12000005,21.657239104553533,-0.06327980329959759
1,S12000006,27.230875312164105,1.6346537163886072
2,S12000008,21.846573860389466,-0.005601509201958454
3,S12000010,21.33871942991833,-0.1603125503426885
4,S12000011,21.388343998455504,-0.14519509107897166
5,S12000013,26.865184150425783,1.5232508084411207
6,S12000014,19.906364390824223,-0.5966603029375457
7,S12000017,23.839271070048046,0.6014469706124347
8,S12000018,22.485210899024835,0.18895069952180998
9,S12000019,19.208093439240375,-0.8093791834593639
10,S12000020,22.98690519844582,0.34178513935486293
11,S12000021,23.42515668002934,0.4752925755986572
12,S12000023,25.09666372779115,0.9844947802410289
13,S12000026,26.4642528946626,1.4011124784723563
14,S12000027,22.068533119761746,0.06201540235368978
15,S12000028,26.699254247786026,1.472702488974927
16,S12000029,20.28816670697597,-0.48034934787315614
17,S12000030,20.78462869801437,-0.329108860615625
18,S12000033,17.627513939559435,-1.2908815300559668
19,S12000034,21.262210655845305,-0.18361992226471333
20,S12000035,27.332077532921172,1.6654836156661517
21,S12000036,16.258270488838555,-1.708003183675554
22,S12000038,19.7788170229078,-0.6355158979685933
23,S12000039,20.027736972541703,-0.5596857737087079
24,S12000040,17.552504021276476,-1.313732295663489
25,S12000041,24.970357678766494,0.9460173363623793
26,S12000042,18.312742594712553,-1.0821358102246879
27,S12000045,24.20879198444248,0.7140165613437831
28,S12000047,21.91022082247261,0.01378768419385948
29,S12000048,24.581826855112237,0.8276566317268961
30,S12000049,14.371993298124462,-2.282632231973235
31,S12000050,17.904263149394183,-1.2065735949087084
