,lad24cd,aged85plus_perc
0,S12000005,2.0899911296414104
1,S12000006,3.2560981523074033
2,S12000008,2.2824062311895164
3,S12000010,2.6335597882139115
4,S12000011,3.0859504145699748
5,S12000013,3.3240538644890485
6,S12000014,2.185424750897547
7,S12000017,2.796721088553069
8,S12000018,2.645084321545359
9,S12000019,1.9495473704439248
10,S12000020,2.7496778366865535
11,S12000021,2.4620362212149596
12,S12000023,3.058187456515725
13,S12000026,3.208170905279507
14,S12000027,2.61475206510195
15,S12000028,3.3373775272336452
16,S12000029,2.25651858685805
17,S12000030,2.4887049308332996
18,S12000033,2.181005949770174
19,S12000034,2.381103537579482
20,S12000035,3.264460524666478
21,S12000036,2.2559585595785787
22,S12000038,2.236239796708622
23,S12000039,2.180213819062387
24,S12000040,1.7059526283951219
25,S12000041,3.08915228069773
26,S12000042,2.4723843506426006
27,S12000045,3.4265358172863367
28,S12000047,2.545153419255033
29,S12000048,3.2439135393459226
30,S12000049,1.6739745189962598
31,S12000050,1.7753852514325494
