,lad24cd,pop_in_mobile_homes_perc
0,S12000005,0.04945205479452055
1,S12000006,0.22866336633663364
2,S12000008,0.03325301204819277
3,S12000010,0.11447368421052632
4,S12000011,0.058333333333333334
5,S12000013,0.1872972972972973
6,S12000014,0.12804444444444443
7,S12000017,0.3923241590214067
8,S12000018,0.04666666666666667
9,S12000019,0.6344927536231885
10,S12000020,0.44550724637681155
11,S12000021,0.24470588235294116
12,S12000023,0.2553125
13,S12000026,0.11797468354430381
14,S12000027,0.23612903225806453
15,S12000028,0.053032258064516134
16,S12000029,0.11518201284796574
17,S12000030,0.14195121951219514
18,S12000033,0.1105
19,S12000034,0.2718232044198895
20,S12000035,0.42072000000000004
21,S12000036,0.03200920245398773
22,S12000038,0.019473684210526313
23,S12000039,0.06639344262295081
24,S12000040,0.05682170542635659
25,S12000041,0.47567901234567905
26,S12000042,0.01922279792746114
27,S12000045,0.04467625899280576
28,S12000047,0.17459882583170255
29,S12000048,0.3562626262626263
30,S12000049,0.17988549618320612
31,S12000050,0.05627083333333334
