,lad24cd,over65_perc
0,S12000005,21.657239104553533
1,S12000006,27.230875312164105
2,S12000008,21.846573860389466
3,S12000010,21.33871942991833
4,S12000011,21.388343998455504
5,S12000013,26.865184150425783
6,S12000014,19.906364390824223
7,S12000017,23.839271070048046
8,S12000018,22.485210899024835
9,S12000019,19.208093439240375
10,S12000020,22.98690519844582
11,S12000021,23.42515668002934
12,S12000023,25.09666372779115
13,S12000026,26.4642528946626
14,S12000027,22.068533119761746
15,S12000028,26.699254247786026
16,S12000029,20.28816670697597
17,S12000030,20.78462869801437
18,S12000033,17.627513939559435
19,S12000034,21.262210655845305
20,S12000035,27.332077532921172
21,S12000036,16.258270488838555
22,S12000038,19.7788170229078
23,S12000039,20.027736972541703
24,S12000040,17.552504021276476
25,S12000041,24.970357678766494
26,S12000042,18.312742594712553
27,S12000045,24.20879198444248
28,S12000047,21.91022082247261
29,S12000048,24.581826855112237
30,S12000049,14.371993298124462
31,S12000050,17.904263149394183
