,lad24cd,bad_v_bad_health_perc
0,S12000005,7.586032421098087
1,S12000006,7.504096472252433
2,S12000008,8.235549399418643
3,S12000010,5.692695244502325
4,S12000011,5.195492716960406
5,S12000013,6.394812651132066
6,S12000014,7.277074371985406
7,S12000017,6.165517519529998
8,S12000018,9.595622830545157
9,S12000019,6.105514495827274
10,S12000020,5.7447855549081
11,S12000021,9.144112478310646
12,S12000023,4.686166888810993
13,S12000026,5.7896529366088325
14,S12000027,4.993055680528705
15,S12000028,7.569108010125173
16,S12000029,7.773461580956841
17,S12000030,5.69938019762271
18,S12000033,5.216122010789465
19,S12000034,4.353623460694855
20,S12000035,6.868645949172831
21,S12000036,4.946541671000057
22,S12000038,7.598539851075246
23,S12000039,8.911072610835292
24,S12000040,6.95454141727606
25,S12000041,6.196486122955573
26,S12000042,7.515903685646929
27,S12000045,5.61098659226998
28,S12000047,7.035740723446912
29,S12000048,5.4780322399418955
30,S12000049,9.520645340105958
31,S12000050,8.947279881710774
