,ltla24_code,non_white_british_perc,z_non_white_british_perc
0,S12000005,6.712823365954663,-0.4333340665081197
1,S12000006,4.523663578394699,-0.7926623594250215
2,S12000008,4.052430481610071,-0.8700104749877954
3,S12000010,8.124874404918467,-0.20156026350585568
4,S12000011,16.072805109292965,1.1030116496334406
5,S12000013,3.8038679553825463,-0.9108094832374399
6,S12000014,7.33985263040235,-0.33041359606861026
7,S12000017,7.931777087286307,-0.23325522241469507
8,S12000018,4.601163132449811,-0.7799415965923169
9,S12000019,9.723672605999196,0.060866185023642494
10,S12000020,6.1446047028266895,-0.5266013754480827
11,S12000021,4.187257136619727,-0.8478800521380706
12,S12000023,4.768731410364498,-0.7524369696608941
13,S12000026,6.244108806159172,-0.5102687898634827
14,S12000027,6.039878728387911,-0.543791078014787
15,S12000028,4.803689718063332,-0.7466989193367162
16,S12000029,7.183544747106566,-0.35606994385706053
17,S12000030,10.046842829313405,0.11391128722447391
18,S12000033,24.066312724858356,2.415064548760015
19,S12000034,7.807102563590627,-0.2537192762605451
20,S12000035,6.649607946387203,-0.4437102340808483
21,S12000036,27.654516593833634,3.0040316850117774
22,S12000038,9.430538532078026,0.012751210969933443
23,S12000039,5.946984816215265,-0.5590386680139502
24,S12000040,11.647119552495539,0.3765804201051814
25,S12000041,6.027892734702503,-0.5457584568577407
26,S12000042,15.710717827368256,1.0435787084473862
27,S12000045,9.650594403803645,0.048871142088182724
28,S12000047,8.613660758744325,-0.12133095949644625
29,S12000048,9.996824196957451,0.10570123792581772
30,S12000049,26.229831529527804,2.770184135367255
31,S12000050,7.554018646517135,-0.29526042478863057
