,lad24cd,poor_or_no_english_perc
0,S12000005,0.9049982736640361
1,S12000006,0.6159926737829927
2,S12000008,0.6518911688912076
3,S12000010,0.7244329885273554
4,S12000011,0.7822878607165891
5,S12000013,0.4134978922978595
6,S12000014,0.8085003666182771
7,S12000017,0.8182270844173607
8,S12000018,0.7423142904056594
9,S12000019,0.8339562739604931
10,S12000020,0.6731667983167201
11,S12000021,0.6776370619212553
12,S12000023,0.3704161455223084
13,S12000026,0.6764145251190014
14,S12000027,0.6339043225016696
15,S12000028,0.7024143226028259
16,S12000029,0.7741939477579988
17,S12000030,0.5993340935985307
18,S12000033,1.7952341563244807
19,S12000034,0.8773914113541267
20,S12000035,0.5026226003591729
21,S12000036,1.544131341182348
22,S12000038,0.8544134085165366
23,S12000039,0.842349697301909
24,S12000040,1.1032232334710765
25,S12000041,0.7135814341148412
26,S12000042,1.331488199473788
27,S12000045,0.7311288212332145
28,S12000047,0.8423114294872038
29,S12000048,1.0018641569659392
30,S12000049,2.7361668639956758
31,S12000050,1.0101888559399548
