,ltla24_code,pop_in_mobile_homes_perc,z_pop_in_mobile_homes_perc
0,S12000005,0.04945205479452055,-0.8450644734472547
1,S12000006,0.22866336633663364,0.3130309424159995
2,S12000008,0.03325301204819277,-0.9497455730076845
3,S12000010,0.11447368421052632,-0.4248831226682863
4,S12000011,0.058333333333333334,-0.7876720696179529
5,S12000013,0.1872972972972973,0.045716036261312654
6,S12000014,0.12804444444444443,-0.337186452846266
7,S12000017,0.3923241590214067,1.3706361356029435
8,S12000018,0.04666666666666667,-0.8630641476559304
9,S12000019,0.6344927536231885,2.935572728394219
10,S12000020,0.44550724637681155,1.7143147189343084
11,S12000021,0.24470588235294116,0.4167005383668819
12,S12000023,0.2553125,0.485242390826829
13,S12000026,0.11797468354430381,-0.4022590413840241
14,S12000027,0.23612903225806453,0.36127540536634123
15,S12000028,0.053032258064516134,-0.8219285622195407
16,S12000029,0.11518201284796574,-0.4203057768473978
17,S12000030,0.14195121951219514,-0.2473183953178836
18,S12000033,0.1105,-0.45056177781956747
19,S12000034,0.2718232044198895,0.5919375036342254
20,S12000035,0.42072000000000004,1.5541351178039813
21,S12000036,0.03200920245398773,-0.9577832921497437
22,S12000038,0.019473684210526313,-1.038790043834675
23,S12000039,0.06639344262295081,-0.7355862077415983
24,S12000040,0.05682170542635659,-0.7974404784002822
25,S12000041,0.47567901234567905,1.9092900447458903
26,S12000042,0.01922279792746114,-1.04041131568309
27,S12000045,0.04467625899280576,-0.87592651657094
28,S12000047,0.17459882583170255,-0.03634374816987167
29,S12000048,0.3562626262626263,1.137600087724167
30,S12000049,0.17988549618320612,-0.002180342709732863
31,S12000050,0.05627083333333334,-0.801000311985381
