,lad24cd,non_white_british_perc
0,S12000005,6.712823365954663
1,S12000006,4.523663578394699
2,S12000008,4.052430481610071
3,S12000010,8.124874404918467
4,S12000011,16.072805109292965
5,S12000013,3.8038679553825463
6,S12000014,7.33985263040235
7,S12000017,7.931777087286307
8,S12000018,4.601163132449811
9,S12000019,9.723672605999196
10,S12000020,6.1446047028266895
11,S12000021,4.187257136619727
12,S12000023,4.768731410364498
13,S12000026,6.244108806159172
14,S12000027,6.039878728387911
15,S12000028,4.803689718063332
16,S12000029,7.183544747106566
17,S12000030,10.046842829313405
18,S12000033,24.066312724858356
19,S12000034,7.807102563590627
20,S12000035,6.649607946387203
21,S12000036,27.654516593833634
22,S12000038,9.430538532078026
23,S12000039,5.946984816215265
24,S12000040,11.647119552495539
25,S12000041,6.027892734702503
26,S12000042,15.710717827368256
27,S12000045,9.650594403803645
28,S12000047,8.613660758744325
29,S12000048,9.996824196957451
30,S12000049,26.229831529527804
31,S12000050,7.554018646517135
