,lad24cd,limited_a_lot_a_little_perc,z_limited_a_lot_a_little_perc
0,S12000005,26.023446851935077,0.6719817605769067
1,S12000006,27.153688092773116,1.122522725517885
2,S12000008,27.22811842841382,1.152192422595633
3,S12000010,22.421025517010506,-0.7640288234621695
4,S12000011,19.68282506114954,-1.8555404680653131
5,S12000013,24.333572487583968,-0.001642240418887199
6,S12000014,24.905594542058505,0.22637931734995498
7,S12000017,23.964126708970987,-0.14891209005403724
8,S12000018,29.504656230570834,2.059674384011171
9,S12000019,23.04710423403726,-0.5144589979184705
10,S12000020,23.140662636162173,-0.47716439987280024
11,S12000021,28.600304001744572,1.6991781367500127
12,S12000023,24.139691260492114,-0.07892789588933914
13,S12000026,23.64912047708235,-0.27448104520231775
14,S12000027,22.052785336122408,-0.9108180932505809
15,S12000028,26.532413892779974,0.874868094414263
16,S12000029,25.058637315818967,0.2873857967420502
17,S12000030,22.274567423284758,-0.8224104932211748
18,S12000033,20.377854735633672,-1.5784851555441457
19,S12000034,19.881050833962988,-1.7765229736290615
20,S12000035,25.563341659003218,0.48857291819192084
21,S12000036,19.640683627783226,-1.8723390428888413
22,S12000038,24.73329161216825,0.15769528292439042
23,S12000039,27.478707182021502,1.2520830430883436
24,S12000040,24.168988489878505,-0.06724932540286986
25,S12000041,24.580950534908453,0.09696851639985071
26,S12000042,25.904617463546217,0.6246135480452466
27,S12000045,21.467496267042968,-1.1441281976995523
28,S12000047,25.741750136954774,0.5596907688822266
29,S12000048,22.71928271127484,-0.6451364319539591
30,S12000049,26.473178217209842,0.851255349217928
31,S12000050,26.362618464911005,0.8071836097657208
