,lad24cd,poor_or_no_english_perc,z_poor_or_no_english_perc
0,S12000005,0.9049982736640361,0.04768038520878032
1,S12000006,0.6159926737829927,-0.6101998227622081
2,S12000008,0.6518911688912076,-0.5284819964039688
3,S12000010,0.7244329885273554,-0.3633508452827922
4,S12000011,0.7822878607165891,-0.23165244440871083
5,S12000013,0.4134978922978595,-1.0711504375991263
6,S12000014,0.8085003666182771,-0.17198339702298096
7,S12000017,0.8182270844173607,-0.1498419051931682
8,S12000018,0.7423142904056594,-0.32264660078603247
9,S12000019,0.8339562739604931,-0.11403663881732526
10,S12000020,0.6731667983167201,-0.48005104725650916
11,S12000021,0.6776370619212553,-0.46987512695929956
12,S12000023,0.3704161455223084,-1.1692199163224417
13,S12000026,0.6764145251190014,-0.4726580583836389
14,S12000027,0.6339043225016696,-0.569426497992734
15,S12000028,0.7024143226028259,-0.4134732115055767
16,S12000029,0.7741939477579988,-0.25007708788512856
17,S12000030,0.5993340935985307,-0.6481207149551835
18,S12000033,1.7952341563244807,2.0741759543913667
19,S12000034,0.8773914113541267,-0.015162716535079428
20,S12000035,0.5026226003591729,-0.8682706958264256
21,S12000036,1.544131341182348,1.5025760535043164
22,S12000038,0.8544134085165366,-0.06746887701008028
23,S12000039,0.842349697301909,-0.09493020248629194
24,S12000040,1.1032232334710765,0.49891135733033615
25,S12000041,0.7135814341148412,-0.38805286793097543
26,S12000042,1.331488199473788,1.0185241377337808
27,S12000045,0.7311288212332145,-0.34810873296772726
28,S12000047,0.8423114294872038,-0.09501731373225811
29,S12000048,1.0018641569659392,0.2681818131332899
30,S12000049,2.7361668639956758,4.216075646522675
31,S12000050,1.0101888559399548,0.2871318082011206
