,lad24cd,bad_v_bad_health_perc,z_bad_v_bad_health_perc
0,S12000005,7.586032421098087,0.5699481837712974
1,S12000006,7.504096472252433,0.5134430873037729
2,S12000008,8.235549399418643,1.01787147061128
3,S12000010,5.692695244502325,-0.7357448766779393
4,S12000011,5.195492716960406,-1.0786282774130158
5,S12000013,6.394812651132066,-0.2515470080735774
6,S12000014,7.277074371985406,0.3568829222410255
7,S12000017,6.165517519529998,-0.40967471286302193
8,S12000018,9.595622830545157,1.9558124051025394
9,S12000019,6.105514495827274,-0.4510543110788474
10,S12000020,5.7447855549081,-0.6998220850831757
11,S12000021,9.144112478310646,1.6444394806593725
12,S12000023,4.686166888810993,-1.4298722119550753
13,S12000026,5.7896529366088325,-0.6688804072608947
14,S12000027,4.993055680528705,-1.2182339625039473
15,S12000028,7.569108010125173,0.5582766831887872
16,S12000029,7.773461580956841,0.6992040587303594
17,S12000030,5.69938019762271,-0.7311347644345357
18,S12000033,5.216122010789465,-1.0644017961884724
19,S12000034,4.353623460694855,-1.659202545588483
20,S12000035,6.868645949172831,0.07522038270569989
21,S12000036,4.946541671000057,-1.2503111963986644
22,S12000038,7.598539851075246,0.5785736228780256
23,S12000039,8.911072610835292,1.4837293115823176
24,S12000040,6.95454141727606,0.13445606349874123
25,S12000041,6.196486122955573,-0.38831798301879994
26,S12000042,7.515903685646929,0.5215856393980363
27,S12000045,5.61098659226998,-0.7920932236692847
28,S12000047,7.035740723446912,0.19045315260212098
29,S12000048,5.4780322399418955,-0.8837818976874187
30,S12000049,9.520645340105958,1.9041060370205571
31,S12000050,8.947279881710774,1.5086987586012175
