,lgd14_code,bad_or_v_bad_health_perc
0,N09000001,7.75
1,N09000002,7.272596153846154
2,N09000003,10.407210884353741
3,N09000004,7.844405594405594
4,N09000005,10.017171717171717
5,N09000006,7.083408071748878
6,N09000007,6.47804054054054
7,N09000008,7.737370242214532
8,N09000009,6.427651515151515
9,N09000010,7.349244712990936
10,N09000011,7.6203438395415475
