,lgd14_code,limited_a_lot_a_little_perc
0,N09000001,24.960204081632654
1,N09000002,22.94543269230769
2,N09000003,27.337278911564628
3,N09000004,26.5013986013986
4,N09000005,28.01111111111111
5,N09000006,24.865470852017935
6,N09000007,22.43952702702703
7,N09000008,26.054671280276818
8,N09000009,21.7625
9,N09000010,23.710876132930515
10,N09000011,26.118051575931233
