,lgd14_code,perc_decent_broadband
0,N09000001,0.0030612244897959186
1,N09000002,0.21514423076923078
2,N09000003,0.004761904761904762
3,N09000004,0.0
4,N09000005,0.0
5,N09000006,39.635426008968615
6,N09000007,0.0
7,N09000008,0.0
8,N09000009,4.156060606060606
9,N09000010,4.056797583081571
10,N09000011,0.0014326647564469914
