,lgd14_code,english_poor_bad_perc
0,N09000001,0.7972789115646258
1,N09000002,2.0682692307692307
2,N09000003,1.365578231292517
3,N09000004,0.5027972027972029
4,N09000005,0.38080808080808076
5,N09000006,1.0596412556053811
6,N09000007,0.6101351351351351
7,N09000008,1.0494809688581315
8,N09000009,2.428409090909091
9,N09000010,1.0758308157099699
10,N09000011,0.4421203438395416
