,lgd14_code,no_cars_or_vans_perc
0,N09000001,16.972108843537416
1,N09000002,15.454086538461537
2,N09000003,34.14380952380952
3,N09000004,16.49160839160839
4,N09000005,24.483838383838382
5,N09000006,14.18968609865471
6,N09000007,12.974662162162161
7,N09000008,17.333217993079586
8,N09000009,13.262878787878789
9,N09000010,14.660422960725077
10,N09000011,15.490257879656161
