,lgd2014,mixed_urban_rural,rural,urban,rural_sa11_perc
0,N09000001,19,59,274,16.761363636363637
1,N09000002,24,199,244,42.61241970021413
2,N09000003,9,3,939,0.31545741324921134
3,N09000004,9,164,169,47.953216374269005
4,N09000005,7,105,216,32.01219512195122
5,N09000006,6,176,81,66.92015209125475
6,N09000007,16,102,227,29.565217391304348
7,N09000008,11,128,230,34.68834688346883
8,N09000009,19,191,84,64.96598639455783
9,N09000010,24,213,148,55.32467532467532
10,N09000011,21,91,329,20.634920634920633
