,lgd14_code,under5_perc
0,N09000001,5.651700680272109
1,N09000002,6.414663461538462
2,N09000003,5.755374149659864
3,N09000004,5.579370629370629
4,N09000005,6.103367003367003
5,N09000006,6.1076233183856505
6,N09000007,6.000675675675676
7,N09000008,5.318685121107266
8,N09000009,6.9981060606060606
9,N09000010,6.355589123867069
10,N09000011,4.8621776504298
