,lad24cd,over65_perc
0,S12000005,21.656986301369862
1,S12000006,27.2309900990099
2,S12000008,21.846626506024098
3,S12000010,21.33888157894737
4,S12000011,21.38840909090909
5,S12000013,26.864864864864863
6,S12000014,19.906444444444443
7,S12000017,23.839174311926605
8,S12000018,22.48552631578947
9,S12000019,19.208115942028986
10,S12000020,22.986811594202898
11,S12000021,23.42550802139037
12,S12000023,25.09625
13,S12000026,26.464113924050633
14,S12000027,22.067741935483873
15,S12000028,26.69916129032258
16,S12000029,20.288051391862957
17,S12000030,20.784552845528456
18,S12000033,17.6274
19,S12000034,21.26207182320442
20,S12000035,27.33216
21,S12000036,16.25829754601227
22,S12000038,19.77898785425101
23,S12000039,20.0272131147541
24,S12000040,17.552286821705426
25,S12000041,24.970370370370368
26,S12000042,18.31274611398964
27,S12000045,24.208920863309352
28,S12000047,21.910391389432483
29,S12000048,24.58161616161616
30,S12000049,14.37203562340967
31,S12000050,17.904333333333334
