,lad24cd,aged85plus_perc
0,S12000005,2.08986301369863
1,S12000006,3.2560396039603963
2,S12000008,2.282469879518072
3,S12000010,2.6334868421052633
4,S12000011,3.085757575757576
5,S12000013,3.3240540540540544
6,S12000014,2.1852
7,S12000017,2.796819571865443
8,S12000018,2.6452631578947368
9,S12000019,1.9497826086956522
10,S12000020,2.7491304347826087
11,S12000021,2.461604278074866
12,S12000023,3.058125
13,S12000026,3.208037974683544
14,S12000027,2.6151612903225803
15,S12000028,3.337419354838709
16,S12000029,2.2566595289079228
17,S12000030,2.488861788617886
18,S12000033,2.1810666666666667
19,S12000034,2.381132596685083
20,S12000035,3.264
21,S12000036,2.255782208588957
22,S12000038,2.236275303643725
23,S12000039,2.1801639344262296
24,S12000040,1.7059689922480619
25,S12000041,3.089259259259259
26,S12000042,2.4725906735751293
27,S12000045,3.4266187050359713
28,S12000047,2.545009784735812
29,S12000048,3.2439393939393937
30,S12000049,1.673765903307888
31,S12000050,1.7753541666666666
