,lad24cd,bad_v_bad_health_perc
0,S12000005,7.589041095890411
1,S12000006,7.503465346534654
2,S12000008,8.234337349397592
3,S12000010,5.694078947368421
4,S12000011,5.195454545454545
5,S12000013,6.38918918918919
6,S12000014,7.276
7,S12000017,6.1639143730886845
8,S12000018,9.596491228070175
9,S12000019,6.104347826086956
10,S12000020,5.741304347826087
11,S12000021,9.148663101604278
12,S12000023,4.678125
13,S12000026,5.789240506329114
14,S12000027,4.993548387096775
15,S12000028,7.567096774193549
16,S12000029,7.773019271948608
17,S12000030,5.696747967479675
18,S12000033,5.219666666666667
19,S12000034,4.355801104972375
20,S12000035,6.8704
21,S12000036,4.94739263803681
22,S12000038,7.598785425101215
23,S12000039,8.913934426229508
24,S12000040,6.953875968992247
25,S12000041,6.191975308641975
26,S12000042,7.518652849740932
27,S12000045,5.611510791366906
28,S12000047,7.035812133072407
29,S12000048,5.475757575757576
30,S12000049,9.521501272264631
31,S12000050,8.946458333333334
