,lad24cd,non_white_british_perc
0,S12000005,6.713698630136987
1,S12000006,4.5252475247524755
2,S12000008,4.05
3,S12000010,8.123684210526315
4,S12000011,16.069696969696967
5,S12000013,3.8027027027027023
6,S12000014,7.3391111111111105
7,S12000017,7.933333333333333
8,S12000018,4.599122807017544
9,S12000019,9.726086956521739
10,S12000020,6.138405797101449
11,S12000021,4.187700534759358
12,S12000023,4.7625
13,S12000026,6.239873417721519
14,S12000027,6.041935483870968
15,S12000028,4.801935483870968
16,S12000029,7.18372591006424
17,S12000030,10.044715447154472
18,S12000033,24.067666666666668
19,S12000034,7.804143646408839
20,S12000035,6.6488000000000005
21,S12000036,27.654294478527603
22,S12000038,9.426315789473685
23,S12000039,5.948360655737705
24,S12000040,11.646899224806202
25,S12000041,6.027777777777778
26,S12000042,15.708808290155442
27,S12000045,9.652517985611512
28,S12000047,8.614090019569472
29,S12000048,10.00050505050505
30,S12000049,26.23002544529262
31,S12000050,7.552291666666666
