,ltla24_code,perc_decent_broadband
0,W06000001,24.849236353077817
1,W06000002,20.33440811535882
2,W06000003,58.21175720992622
3,W06000004,31.684668856048166
4,W06000005,41.00070695307108
5,W06000006,43.38108701814059
6,W06000008,4.024216931216931
7,W06000009,1.162677733065057
8,W06000010,0.5403088803088802
9,W06000011,50.5904462962963
10,W06000012,33.47935582010582
11,W06000013,35.49417451596023
12,W06000014,10.324303135888503
13,W06000015,62.663599825251204
14,W06000016,26.631299149289344
15,W06000018,47.360098484848486
16,W06000019,0.03804347826086957
17,W06000020,66.52309126984127
18,W06000021,0.039655172413793106
19,W06000022,34.76258095238095
20,W06000023,5.486776672694393
21,W06000024,9.560461860670195
