lgd14_code,index
N09000001,-0.7410326459667954
N09000002,-0.4695806173484476
N09000003,10.104010270791271
N09000004,0.05017665160414264
N09000005,7.785638743792819
N09000006,-2.2764257983684586
N09000007,-5.458718930720966
N09000008,-0.9315190984514914
N09000009,-2.0361002307221017
N09000010,-1.3130657568042343
N09000011,-4.713382587805735
