"ltla24_code","index"
"W06000001",-0.355155487161962
"W06000002",-0.368756174183306
"W06000003",0.248455986623661
"W06000004",0.366610941559349
"W06000005",-0.556677772506214
"W06000006",0.133985040969232
"W06000008",-0.322782088280367
"W06000009",0.0917068311085604
"W06000010",0.0180133315470546
"W06000011",0.324957141211995
"W06000012",0.123600168670607
"W06000013",-0.126759193811933
"W06000014",-0.353507133538059
"W06000015",0.571637629302927
"W06000016",-0.0237897390918597
"W06000018",-0.088532404061735
"W06000019",0.230662703060946
"W06000020",0.0813826018534697
"W06000021",-0.681290562817688
"W06000022",0.56133245568916
"W06000023",-0.332943498370681
"W06000024",0.457849222226843
