"ltla24_code","index"
"W06000001",-0.311429995109098
"W06000002",-0.371929910937863
"W06000003",0.279172331022479
"W06000004",0.374617706071718
"W06000005",-0.557507005292916
"W06000006",0.0773585576335675
"W06000008",-0.351486930977353
"W06000009",0.113664340270777
"W06000010",0.00636090234818047
"W06000011",0.328166054030173
"W06000012",0.138282181958982
"W06000013",-0.133087421023335
"W06000014",-0.298508307801197
"W06000015",0.460815292524257
"W06000016",-0.0202667353367715
"W06000018",-0.0885002789843465
"W06000019",0.247668262632192
"W06000020",0.104311535515864
"W06000021",-0.65582195536039
"W06000022",0.519702995481833
"W06000023",-0.293165885076503
"W06000024",0.431584266409752
