ltla24_code,index
W06000001,-4.3018012662315135
W06000002,-3.4682334230838214
W06000003,-0.8320987710106678
W06000004,0.48928761593310666
W06000005,-2.115813151123622
W06000006,1.8594973781266588
W06000008,-5.623130591752236
W06000009,-4.246902512566324
W06000010,-2.8615017983214233
W06000011,4.078466255463104
W06000012,1.2247853716879988
W06000013,-0.24856661992661416
W06000014,-0.7932681702161554
W06000015,11.039654831072609
W06000016,1.4099531192102166
W06000018,0.7776544724346383
W06000019,2.9313783568243585
W06000020,1.9581778331463642
W06000021,-5.57173470797084
W06000022,6.564795161506374
W06000023,-6.257114039449219
W06000024,3.986514656247011
