ltla24_code,LAD24NM,pca_index,imd_rank_avg,imd_rank_ltla,pca_rank,rank_difference
W06000001,Isle of Anglesey,-4.301801266,1024.658537,13,19,-6
W06000002,Gwynedd,-3.468233423,1081.65493,18,17,1
W06000003,Conwy,-0.832098771,1056.323944,17,14,3
W06000004,Denbighshire,0.489287616,945.0689655,10,11,-1
W06000005,Flintshire,-2.115813151,1208,20,15,5
W06000006,Wrexham,1.859497378,1036.559524,15,7,8
W06000008,Ceredigion,-5.623130592,1038.088889,16,21,-5
W06000009,Pembrokeshire,-4.246902513,968.2253521,11,18,-7
W06000010,Carmarthenshire,-2.861501798,885.009009,8,16,-8
W06000011,Swansea,4.078466255,1026.096667,14,3,11
W06000012,Neath Port Talbot,1.224785372,728.65,3,9,-6
W06000013,Bridgend,-0.24856662,943.3076923,9,12,-3
W06000014,Vale of Glamorgan,-0.79326817,1255.914634,21,13,8
W06000015,Cardiff,11.03965483,991.2522936,12,1,11
W06000016,Rhondda Cynon Taf,1.409953119,759.6437908,4,8,-4
W06000018,Caerphilly,0.777654472,816.0272727,5,10,-5
W06000019,Blaenau Gwent,2.931378357,529.2608696,1,5,-4
W06000020,Torfaen,1.958177833,850.2333333,7,6,1
W06000021,Monmouthshire,-5.571734708,1265.534483,22,20,2
W06000022,Newport,6.564795162,842.24,6,2,4
W06000023,Powys,-6.257114039,1139.367089,19,22,-3
W06000024,Merthyr Tydfil,3.986514656,640.5694444,2,4,-2
