,ltla24_code,z_mh_measures
0,W06000018,-1.7210253559891906
1,W06000019,-1.7210253559891906
2,W06000020,-1.7210253559891906
3,W06000021,-1.7210253559891906
4,W06000022,-1.7210253559891906
5,W06000001,-1.4010398672697573
6,W06000002,-1.4010398672697573
7,W06000003,-1.4010398672697573
8,W06000004,-1.4010398672697573
9,W06000005,-1.4010398672697573
10,W06000006,-1.4010398672697573
11,W06000014,1.6046538238138441
12,W06000015,1.6046538238138441
13,W06000013,0.6908190074356992
14,W06000016,0.6908190074356992
15,W06000024,0.6908190074356992
16,W06000008,-2.447324155621307
17,W06000009,-2.447324155621307
18,W06000010,-2.447324155621307
19,W06000023,0.3411145968635598
20,W06000011,2.93280195076715
21,W06000012,2.93280195076715
