,ltla24_code,total_pop,aged85plus_count,aged85plus_perc,z_aged85plus_perc
0,W06000001,68889,2177,3.160156193296462,0.731895166920351
1,W06000002,117390,3809,3.2447397563676637,0.8865772373730426
2,W06000003,114782,4490,3.9117631684410443,2.106395351834318
3,W06000004,95825,2997,3.1275763109835637,0.6723147535601105
4,W06000005,154989,3754,2.4221073753621223,-0.6178105573129047
5,W06000006,135082,3300,2.4429605720969487,-0.5796753034955056
6,W06000008,71469,2345,3.281142873133806,0.953149385292349
7,W06000009,123356,4044,3.278316417523266,0.9479805086216778
8,W06000010,187889,5620,2.9911277403147603,0.42278462436001996
9,W06000011,238506,6627,2.7785464516615934,0.03402689561911817
10,W06000012,142273,3678,2.5851707632509333,-0.31960861904223603
11,W06000013,145488,3559,2.4462498625316176,-0.5736600182996512
12,W06000014,131932,3701,2.805232998817573,0.08282988070790469
13,W06000015,362370,7123,1.9656704473328366,-1.452518939119942
14,W06000016,237642,5176,2.178066166755035,-1.0641005698457766
15,W06000018,175965,3830,2.176569204103089,-1.0668381381626664
16,W06000019,66910,1428,2.1342101330144967,-1.144302229063172
17,W06000020,92269,2370,2.56857666171737,-0.34995505857863923
18,W06000021,92957,3261,3.508073625439719,1.368148675243246
19,W06000022,159626,3429,2.1481462919574508,-1.1188164982523368
20,W06000023,133186,4697,3.526646944874086,1.4021146066957748
21,W06000024,58843,1199,2.0376255459442922,-1.3209311550551077
