,ltla24_code,access_gp_practices_pt30,z_access_gp_practices_pt30
0,W06000001,0.926829268292683,0.8314435719963978
1,W06000002,1.0211267605633803,0.7699665231761824
2,W06000003,1.6901408450704225,0.33380421870489085
3,W06000004,2.2586206896551726,-0.0368150026262503
4,W06000005,2.0815217391304346,0.07864428017380244
5,W06000006,2.511904761904762,-0.20194301292764044
6,W06000008,0.9962962962962963,0.7861546913577289
7,W06000009,0.7464788732394366,0.9490226271170284
8,W06000010,1.364864864864865,0.5458671997408616
9,W06000011,4.0183333333333335,-1.1840559047957115
10,W06000012,2.047222222222222,0.1010057770142782
11,W06000013,1.4175824175824177,0.5114981037653753
12,W06000014,3.201219512195122,-0.6513402931272496
13,W06000015,7.763761467889908,-3.6258797829933163
14,W06000016,1.6045751633986929,0.3895885822420171
15,W06000018,2.0090909090909093,0.12586540522393622
16,W06000019,1.5869565217391304,0.4010750180672823
17,W06000020,3.275,-0.6994413246768372
18,W06000021,1.2413793103448276,0.6263733434464323
19,W06000022,3.665,-0.9537009922728386
20,W06000023,0.4430379746835443,1.1468502732756263
21,W06000024,2.576388888888889,-0.24398330188200573
