,lad_code,supported_people,ltla24_code,usual_resident_population_2021,asylum_support_perc,z_asylum_support_perc
0,W06000001,15.0,W06000001,68900,0.0002177068214804064,-0.4196304965105936
1,W06000002,45.0,W06000002,117400,0.00038330494037478705,-0.267534818586032
2,W06000003,21.0,W06000003,114800,0.00018292682926829268,-0.4515746183945283
3,W06000004,52.0,W06000004,95800,0.0005427974947807933,-0.12104687326236858
4,W06000005,36.0,W06000005,155000,0.00023225806451612904,-0.406265724078759
5,W06000006,109.0,W06000006,135100,0.0008068097705403405,0.1214385265124066
6,0,0.0,W06000008,71500,0.0,-0.6195860686085055
7,W06000009,8.0,W06000009,123400,6.482982171799028e-05,-0.5600423023522284
8,W06000010,41.0,W06000010,187900,0.00021820117083555082,-0.41917645511927676
9,W06000011,767.0,W06000011,238500,0.0032159329140461217,2.3341280193741314
10,W06000012,46.0,W06000012,142300,0.0003232607167955025,-0.32268319195958445
11,W06000013,36.0,W06000013,145500,0.00024742268041237116,-0.39233759161805387
12,W06000014,18.0,W06000014,131800,0.00013657056145675265,-0.4941511164001948
13,W06000015,1502.0,W06000015,362400,0.004144591611479028,3.1870662960262055
14,W06000016,87.0,W06000016,237700,0.00036600757257046696,-0.2834218038976618
15,W06000018,68.0,W06000018,175900,0.00038658328595793064,-0.26452378079606026
16,W06000019,33.0,W06000019,66900,0.0004932735426008968,-0.1665327708715625
17,W06000020,9.0,W06000020,92300,9.750812567713976e-05,-0.5300285025139478
18,0,0.0,W06000021,93000,0.0,-0.6195860686085055
19,W06000022,408.0,W06000022,159600,0.002556390977443609,1.7283634210986047
20,W06000023,5.0,W06000023,133200,3.7537537537537536e-05,-0.5851092444905223
21,W06000024,11.0,W06000024,58800,0.0001870748299319728,-0.4477648349429642
