,ltla24_code,access_hospitals_pt30,z_access_hospitals_pt30
0,W06000001,0.1951219512195122,0.6782553976577065
1,W06000002,0.2746478873239437,0.45781375678694525
2,W06000003,1.6267605633802817,-3.2901702538710085
3,W06000004,1.2672413793103448,-2.2936023070716005
4,W06000005,0.2717391304347826,0.4658766752881343
5,W06000006,0.6071428571428571,-0.4638445136910707
6,W06000008,0.34444444444444444,0.26434143401455557
7,W06000009,0.23943661971830985,0.5554175070644962
8,W06000010,0.21171171171171171,0.6322694689947479
9,W06000011,0.275,0.4568377192841697
10,W06000012,0.17222222222222222,0.7417322214831988
11,W06000013,0.3516483516483517,0.2443725885975757
12,W06000014,0.4634146341463415,-0.06543756787172997
13,W06000015,0.8474770642201835,-1.1300380797237621
14,W06000016,0.4166666666666667,0.06414529733415669
15,W06000018,0.05909090909090909,1.0553261698496976
16,W06000019,0.17391304347826086,0.7370453554070692
17,W06000020,0.35,0.24894173119298646
18,W06000021,0.3793103448275862,0.1676950232033286
19,W06000022,0.48,-0.11141131483173139
20,W06000023,0.33544303797468356,0.2892928512444397
21,W06000024,0.3333333333333333,0.2951408396576939
