,ltla24_code,access_gp_practices_30,z_access_gp_practices_30
0,W06000001,0.9024390243902439,-0.5233766146859682
1,W06000002,0.8873239436619719,-0.5295429224163254
2,W06000003,1.1830985915492958,-0.40887949160183523
3,W06000004,2.1379310344827585,-0.019348613143234588
4,W06000005,1.7282608695652173,-0.18647655312854344
5,W06000006,2.3273809523809526,0.057938866444360124
6,W06000008,0.962962962962963,-0.49868543129092674
7,W06000009,0.7464788732394366,-0.5870016989946542
8,W06000010,1.3423423423423424,-0.34391483880381496
9,W06000011,3.3366666666666664,0.4696843552063364
10,W06000012,1.8611111111111112,-0.13227932546226967
11,W06000013,1.2967032967032968,-0.3625336212628316
12,W06000014,2.548780487804878,0.1482604261716908
13,W06000015,5.571100917431193,1.3812381498012098
14,W06000016,1.1993464052287581,-0.402251077179564
15,W06000018,1.5454545454545454,-0.261053730041226
16,W06000019,1.565217391304348,-0.25299133253715217
17,W06000020,2.55,0.14875793509084462
18,W06000021,1.2413793103448276,-0.3851034461211475
19,W06000022,3.11,0.3772140307662795
20,W06000023,0.4430379746835443,-0.7107926328380915
21,W06000024,2.0972222222222223,-0.035956070837210335
