,ltla24_code,access_hospitals_w30,z_access_hospitals_w30
0,W06000001,0.1951219512195122,0.2848329531963648
1,W06000002,0.23943661971830985,0.21647068914020862
2,W06000003,1.2112676056338028,-1.28272965981224
3,W06000004,1.206896551724138,-1.2759866297569815
4,W06000005,0.2391304347826087,0.21694302699432091
5,W06000006,0.4642857142857143,-0.13039398786897588
6,W06000008,0.3333333333333333,0.07162041387910249
7,W06000009,0.23943661971830985,0.21647068914020862
8,W06000010,0.2072072072072072,0.2661895674055072
9,W06000011,0.23333333333333334,0.2258859570321805
10,W06000012,0.16666666666666666,0.32872965246756586
11,W06000013,0.26373626373626374,0.17898471131164764
12,W06000014,0.4024390243902439,-0.034985855779528674
13,W06000015,0.6559633027522935,-0.4260864608196661
14,W06000016,0.3202614379084967,0.09178584435662902
15,W06000018,0.045454545454545456,0.515718189622812
16,W06000019,0.17391304347826086,0.3175509899202414
17,W06000020,0.26666666666666666,0.17446410931448783
18,W06000021,0.3793103448275862,0.0006937273719401744
19,W06000022,0.44,-0.09292949881751408
20,W06000023,0.3291139240506329,0.0781295085269117
21,W06000024,0.3055555555555556,0.1144719536438464
