,ltla24_code,access_hospitals_30,z_access_hospitals_30
0,W06000001,0.1951219512195122,-0.36058513829072214
1,W06000002,0.2746478873239437,-0.2492391624296351
2,W06000003,1.6267605633802817,1.6438829152776595
3,W06000004,1.2672413793103448,1.1405123628269322
4,W06000005,0.2717391304347826,-0.25331177559499274
5,W06000006,0.6071428571428571,0.2162942056375233
6,W06000008,0.34444444444444444,-0.15151549962205946
7,W06000009,0.23943661971830985,-0.2985392165365959
8,W06000010,0.21171171171171171,-0.3373574573379326
9,W06000011,0.275,-0.2487461618885655
10,W06000012,0.17222222222222222,-0.3926475420429944
11,W06000013,0.3516483516483517,-0.1414291539979296
12,W06000014,0.4634146341463415,0.015057225197437695
13,W06000015,0.8474770642201835,0.5527913049572295
14,W06000016,0.4166666666666667,-0.050395610864893206
15,W06000018,0.05909090909090909,-0.5510451300262479
16,W06000019,0.17391304347826086,-0.3902801867878099
17,W06000020,0.35,-0.14373704664073897
18,W06000021,0.3793103448275862,-0.10269900160135849
19,W06000022,0.48,0.03827875312216027
20,W06000023,0.33544303797468356,-0.1641185626804015
21,W06000024,0.3333333333333333,-0.16707240558470043
