,ltla24_code,access_gp_practices_pt30,z_access_gp_practices_pt30
0,W06000001,0.926829268292683,-0.5743009500977234
1,W06000002,1.0211267605633803,-0.5438552258781519
2,W06000003,1.6901408450704225,-0.32785140832764076
3,W06000004,2.2586206896551726,-0.14430696662682524
4,W06000005,2.0815217391304346,-0.2014867036210316
5,W06000006,2.511904761904762,-0.06252942591785239
6,W06000008,0.9962962962962963,-0.5518722096718396
7,W06000009,0.7464788732394366,-0.6325304772936251
8,W06000010,1.364864864864865,-0.4328728945847741
9,W06000011,4.0183333333333335,0.423849455829456
10,W06000012,2.047222222222222,-0.21256094968532985
11,W06000013,1.4175824175824177,-0.4158520382192429
12,W06000014,3.201219512195122,0.16002884453516353
13,W06000015,7.763761467889908,1.633131583307288
14,W06000016,1.6045751633986929,-0.35547790277734154
15,W06000018,2.0090909090909093,-0.22487236344375108
16,W06000019,1.5869565217391304,-0.361166413597445
17,W06000020,3.275,0.18385026682754405
18,W06000021,1.2413793103448276,-0.47274253530889115
19,W06000022,3.665,0.30976912383751576
20,W06000023,0.4430379746835443,-0.7305020955403859
21,W06000024,2.576388888888889,-0.04170950908419305
