,ltla24_code,access_gp_practices_w30,z_access_gp_practices_w30
0,W06000001,0.9024390243902439,0.8538511803651285
1,W06000002,0.8873239436619719,0.8675474997235624
2,W06000003,1.1830985915492958,0.599535432277847
3,W06000004,2.1379310344827585,-0.2656726540904229
4,W06000005,1.7282608695652173,0.10554424585228159
5,W06000006,2.3273809523809526,-0.43734005200972953
6,W06000008,0.962962962962963,0.7990082584896492
7,W06000009,0.7464788732394366,0.9951722937453317
8,W06000010,1.3423423423423424,0.45523893092890966
9,W06000011,3.3366666666666664,-1.3518902099130117
10,W06000012,1.8611111111111112,-0.01483614561028108
11,W06000013,1.2967032967032968,0.49659411490204625
12,W06000014,2.548780487804878,-0.6379581497551862
13,W06000015,5.571100917431193,-3.3765916080769753
14,W06000016,1.1993464052287581,0.5848127027714142
15,W06000018,1.5454545454545454,0.2711916440218407
16,W06000019,1.565217391304348,0.2532838171926991
17,W06000020,2.55,-0.6390631937034232
18,W06000021,1.2413793103448276,0.5467251726826321
19,W06000022,3.11,-1.1464993747339778
20,W06000023,0.4430379746835443,1.2701310271947637
21,W06000024,2.0972222222222223,-0.22878493225510815
