,ltla24_code,access_hospitals_w30,z_access_hospitals_w30
0,W06000001,0.1951219512195122,0.6315396158310042
1,W06000002,0.23943661971830985,0.47860228904243357
2,W06000003,1.2112676056338028,-2.8753488542511034
3,W06000004,1.206896551724138,-2.860263616725046
4,W06000005,0.2391304347826087,0.4796589844246936
5,W06000006,0.4642857142857143,-0.2973895127444253
6,W06000008,0.3333333333333333,0.15454903848267154
7,W06000009,0.23943661971830985,0.47860228904243357
8,W06000010,0.2072072072072072,0.5898313777480816
9,W06000011,0.23333333333333334,0.49966575032881805
10,W06000012,0.16666666666666666,0.7297435582262491
11,W06000013,0.26373626373626374,0.39474015661735223
12,W06000014,0.4024390243902439,-0.08394625019149497
13,W06000015,0.6559633027522935,-0.9589009034062723
14,W06000016,0.3202614379084967,0.19966233414883452
15,W06000018,0.045454545454545456,1.1480668453124874
16,W06000019,0.17391304347826086,0.7047351008460936
17,W06000020,0.26666666666666666,0.3846268463801026
18,W06000021,0.3793103448275862,-0.004125311791418855
19,W06000022,0.44,-0.21357545415321824
20,W06000023,0.3291139240506329,0.16911092505845832
21,W06000024,0.3055555555555556,0.25041479177326764
