,lad_code,supported_people,usual_resident_population_2021,asylum_support_perc,z_asylum_support_perc
0,W06000001,20,68900,0.00029027576197387516,-0.5526341839619882
1,W06000002,88,117400,0.0007495741056218058,-0.4322994723444527
2,W06000003,22,114800,0.0001916376306620209,-0.5784770620173095
3,W06000004,79,95800,0.0008246346555323591,-0.41263384595529307
4,W06000005,80,155000,0.0005161290322580645,-0.4934613423365061
5,W06000006,493,135100,0.0036491487786824576,0.32737991017847434
6,W06000010,93,187900,0.000494944119212347,-0.4990117224701499
7,W06000011,2490,238500,0.010440251572327044,2.106627337346814
8,W06000012,107,142300,0.0007519325368938862,-0.43168157081939706
9,W06000013,51,145500,0.0003505154639175258,-0.5368515728083278
10,W06000014,17,131800,0.00012898330804248862,-0.5948922961418913
11,W06000015,4833,362400,0.013336092715231788,2.865328546791523
12,W06000016,171,237700,0.000719394194362642,-0.440206513526378
13,W06000018,147,175900,0.0008357021034678795,-0.4097342096424659
14,W06000019,108,66900,0.0016143497757847534,-0.2057309851680934
15,W06000020,36,92300,0.00039003250270855903,-0.5264982337800839
16,W06000022,1227,159600,0.00768796992481203,1.3855382610974387
17,W06000024,13,58800,0.00022108843537414966,-0.570761044441912
