,ltla24_code,total_pop,bad_v_bad_health,bad_v_bad_health_perc,z_bad_v_bad_health_perc
0,W06000001,68867,3935,5.713912323754483,-1.0296103104680012
1,W06000002,117388,6068,5.169182539952977,-1.4658362519400152
2,W06000003,114728,7511,6.546788926853078,-0.3626330473905556
3,W06000004,95804,6821,7.119744478309882,0.0961964168469571
4,W06000005,154954,8770,5.659744182144379,-1.0729887877870743
5,W06000006,135114,8403,6.219192681735423,-0.6249759276565243
6,W06000008,71473,4347,6.082016985435059,-0.7348278194479052
7,W06000009,123356,8355,6.773079542138202,-0.1814168928227989
8,W06000010,187891,14072,7.4894486697074365,0.39225982985342206
9,W06000011,238486,17521,7.346762493395839,0.27799508162873293
10,W06000012,142298,12538,8.811086592924708,1.4506428382454393
11,W06000013,145485,10997,7.55885486476269,0.44784111746115224
12,W06000014,131943,7861,5.957875749376624,-0.8342415639969333
13,W06000015,362319,21377,5.9000494039782625,-0.8805495734236367
14,W06000016,237659,19538,8.221022557529906,0.9781127012432971
15,W06000018,175959,14913,8.475269807170989,1.1817168535026958
16,W06000019,66911,6367,9.515625233519152,2.0148455694636667
17,W06000020,92274,7296,7.906886013394889,0.7265485059467962
18,W06000021,92955,5247,5.644666774245603,-1.0850629512552459
19,W06000022,159589,10611,6.648954501876696,-0.28081766758942645
20,W06000023,133182,7837,5.884428826718326,-0.8930587132286951
21,W06000024,58842,5500,9.347065021583223,1.8798605928146448
