,ltla24_code,absolute_low_income,z_absolute_low_income
0,W06000001,13.679734848484848,-0.049692334688486134
1,W06000002,12.419585779517288,-0.6094108096569869
2,W06000003,12.576961770623742,-0.5395093575923279
3,W06000004,14.606793924466338,0.3620780700932233
4,W06000005,11.588910455486543,-0.978370591487705
5,W06000006,12.779401993355481,-0.4495917950356
6,W06000008,11.667755825734549,-0.9433499645790986
7,W06000009,15.029305283757338,0.549744291100696
8,W06000010,13.99968112244898,0.09241771002374595
9,W06000011,12.214816566803322,-0.7003628361141935
10,W06000012,13.393599590373785,-0.17678459246070158
11,W06000013,14.25507587650445,0.20585600536129747
12,W06000014,11.926190476190476,-0.8285614431300282
13,W06000015,15.749086757990868,0.8694485221236541
14,W06000016,15.796535409035409,0.8905237165240447
15,W06000018,14.6812012987013,0.395127479134429
16,W06000019,16.28500506585613,1.1074865331597636
17,W06000020,14.476150793650794,0.30405051149248036
18,W06000021,8.302091740651063,-2.4382718078357852
19,W06000022,19.46879365079365,2.5216250150802892
20,W06000023,11.909327908378541,-0.8360512639553386
21,W06000024,16.60945945945946,1.251598942442637
