,ltla22_code,total_pop,care_home_residents,care_home_residents_perc,z_care_home_residents_perc
0,W06000001,68872,400,0.5807875479149728,-0.07595243074418717
1,W06000002,117397,706,0.6013782294266463,0.0197801881190431
2,W06000003,114733,1302,1.134808642674732,2.499867620513304
3,W06000004,95815,1133,1.1824870844857278,2.721539841284485
4,W06000005,154968,644,0.41556966599556033,-0.844102844328811
5,W06000006,136662,906,0.662949466567151,0.3060444273462775
6,W06000008,71475,286,0.40013990905911156,-0.9158406855028344
7,W06000009,123370,1048,0.849477182459269,1.1732710280202485
8,W06000010,187892,1474,0.7844932195090797,0.8711399424704183
9,W06000011,249007,1516,0.6088182259936468,0.054371095432557595
10,W06000012,153440,904,0.5891553701772679,-0.03704776705457591
11,W06000013,145488,702,0.48251402177499175,-0.5328572698079552
12,W06000014,131934,718,0.5442114996892387,-0.24600609712391372
13,W06000015,362316,1566,0.4322193886000066,-0.7666929952489583
14,W06000016,237641,989,0.4161739767127726,-0.8412932118485529
15,W06000018,175954,599,0.3404298850836014,-1.193451553521999
16,W06000019,66899,293,0.4379736617886665,-0.7399395513820044
17,W06000020,92281,501,0.5429069906047832,-0.2520711742276023
18,W06000021,92964,581,0.624973107869713,0.12948027278276672
19,W06000022,159593,679,0.4254572568972323,-0.7981322934886814
20,W06000023,133159,777,0.5835129431731989,-0.06328120248204835
21,W06000024,58837,292,0.49628635042575253,-0.468825339206972
