,ltla24_code,children_low_income_hh_perc,z_children_low_income_hh_perc
0,W06000001,4.619275372700478,-0.03464596739406746
1,W06000002,4.45036415269797,-0.3055919937043207
2,W06000003,4.605203113980678,-0.05721890589562463
3,W06000004,4.629636122078271,-0.01802656299057199
4,W06000005,3.7786707206409984,-1.3830376856591302
5,W06000006,4.0431687705224055,-0.9587633504129897
6,W06000008,4.707721775785014,0.10722857153137755
7,W06000009,4.978054392136819,0.5408619807358607
8,W06000010,4.710069336865018,0.11099423225029414
9,W06000011,4.1290909327381575,-0.820937879588746
10,W06000012,4.69210518624106,0.08217841274743208
11,W06000013,4.852308692516304,0.33915662547718894
12,W06000014,3.949753304041979,-1.1086086326767406
13,W06000015,4.518006539595624,-0.19708862761775794
14,W06000016,5.329387307915476,1.104425830673176
15,W06000018,4.844940628423304,0.32733770848891586
16,W06000019,6.1731359107496795,2.4578606773302663
17,W06000020,4.96800991579603,0.5247499015568463
18,W06000021,3.127482861885765,-2.4275909291239155
19,W06000022,5.553056591242477,1.4632078199585148
20,W06000023,4.283458313998462,-0.5733212408374624
21,W06000024,5.156330524223523,0.8268300151514381
