,ltla24_code,total_pop,care_home_residents,care_home_residents_perc,z_care_home_residents_perc
0,W06000001,68872,400,0.580787548,-0.075952431
1,W06000002,117397,706,0.601378229,0.019780188
2,W06000003,114733,1302,1.134808643,2.499867621
3,W06000004,95815,1133,1.182487084,2.721539841
4,W06000005,154968,644,0.415569666,-0.844102844
5,W06000006,136662,906,0.662949467,0.306044427
6,W06000008,71475,286,0.400139909,-0.915840686
7,W06000009,123370,1048,0.849477182,1.173271028
8,W06000010,187892,1474,0.78449322,0.871139942
9,W06000011,249007,1516,0.608818226,0.054371095
10,W06000012,153440,904,0.58915537,-0.037047767
11,W06000013,145488,702,0.482514022,-0.53285727
12,W06000014,131934,718,0.5442115,-0.246006097
13,W06000015,362316,1566,0.432219389,-0.766692995
14,W06000016,237641,989,0.416173977,-0.841293212
15,W06000018,175954,599,0.340429885,-1.193451554
16,W06000019,66899,293,0.437973662,-0.739939551
17,W06000020,92281,501,0.542906991,-0.252071174
18,W06000021,92964,581,0.624973108,0.129480273
19,W06000022,159593,679,0.425457257,-0.798132293
20,W06000023,133159,777,0.583512943,-0.063281202
21,W06000024,58837,292,0.49628635,-0.468825339
