,ltla24_code,total_pop,disabled_under_the_equality_act,disabled_under_the_equality_act_perc,z_disabled_under_the_equality_act_perc
0,W06000001,68877,14244,20.680343220523543,-0.5745116290213591
1,W06000002,117394,22504,19.169633882481218,-1.3559708588646504
2,W06000003,114747,25952,22.616713290979284,0.4271332445787724
3,W06000004,95817,22374,23.35076239080748,0.806841921670984
4,W06000005,154966,29557,19.073216060297096,-1.4058458382334882
5,W06000006,135106,27607,20.43358548102971,-0.7021543914025105
6,W06000008,71486,15644,21.884005259771143,0.04811827502156032
7,W06000009,123361,27175,22.028842178646414,0.12303946881242922
8,W06000010,187907,43160,22.968809038513733,0.6092652171367255
9,W06000011,238481,53492,22.43029843048293,0.3307046268119688
10,W06000012,142297,35675,25.0708026170615,1.6965837645656423
11,W06000013,145480,32922,22.62991476491614,0.4339620986777752
12,W06000014,131941,26292,19.927088622945107,-0.964154919677362
13,W06000015,362317,67502,18.63064664368495,-1.6347780005951082
14,W06000016,237629,55990,23.56193898892812,0.9160792829374031
15,W06000018,175957,41568,23.623953579567736,0.9481581700005373
16,W06000019,66901,16653,24.89200460381758,1.6040951870420752
17,W06000020,92276,21502,23.301833629546145,0.7815320681276041
18,W06000021,92951,17973,19.335994233520886,-1.269916031158094
19,W06000022,159596,31463,19.71415323692323,-1.0743020661712541
20,W06000023,133172,27018,20.288048538731864,-0.7774376930793252
21,W06000024,58838,13997,23.789047894218022,1.0335581028197147
