,ltla24_code,total_pop_3plus,english_poor_none,english_poor_none_perc,z_english_poor_none_perc
0,W06000001,67093,132,0.19674183595904193,-0.863011443034927
1,W06000002,114314,494,0.4321430445964624,-0.36910298642767897
2,W06000003,111801,367,0.3282618223450595,-0.5870619954304424
3,W06000004,93067,303,0.32557189981411244,-0.5927058725088286
4,W06000005,150564,1425,0.9464413804096596,0.709975148928984
5,W06000006,131101,1754,1.337899787186978,1.5313159510279188
6,W06000008,69902,249,0.3562129838917341,-0.5284160983264827
7,W06000009,120213,364,0.3027958706629067,-0.6404935345638716
8,W06000010,182700,1305,0.7142857142857143,0.22287634679616444
9,W06000011,231915,2507,1.0809995041286677,0.9922990825855326
10,W06000012,138332,462,0.3339791226903392,-0.5750662074485438
11,W06000013,141283,522,0.36947120318792775,-0.5005982860567522
12,W06000014,128077,318,0.24828813916628278,-0.754859258055659
13,W06000015,351250,6706,1.9091814946619217,2.7299540891247562
14,W06000016,230312,668,0.29004133523220677,-0.6672545395127564
15,W06000018,170681,378,0.22146577533527456,-0.8111367614678714
16,W06000019,64799,306,0.4722295097146561,-0.28499532941108713
17,W06000020,89374,250,0.2797234094926936,-0.6889031572360429
18,W06000021,90680,180,0.1985002205558006,-0.8593220778556483
19,W06000022,153867,2314,1.5038962220619105,1.8796023656387504
20,W06000023,129903,534,0.41107595667536545,-0.41330502319948226
21,W06000024,56970,637,1.1181323503598386,1.070209586433967
