,LAD24CD,total_hh,hh_in_fuel_poverty,hh_in_fuel_poverty_perc,z_hh_in_fuel_poverty_perc
0,W06000001,31000,5000,16.129032258064516,1.062907446976603
1,W06000002,54000,12000,22.22222222222222,2.649943509440397
2,W06000003,53000,6000,11.320754716981133,-0.18945952351369363
3,W06000004,42000,5000,11.904761904761903,-0.037348646748296535
4,W06000005,66000,6000,9.090909090909092,-0.7702465075270305
5,W06000006,59000,6000,10.16949152542373,-0.48931825319984923
6,W06000008,33000,7000,21.21212121212121,2.3868519696736716
7,W06000009,55000,8000,14.545454545454545,0.6504478072132853
8,W06000010,81000,11000,13.580246913580247,0.3990492247695258
9,W06000011,107000,11000,10.2803738317757,-0.46043777845593403
10,W06000012,62000,7000,11.29032258064516,-0.19738589674464546
11,W06000013,60000,5000,8.333333333333332,-0.9675651623520749
12,W06000014,55000,5000,9.090909090909092,-0.7702465075270305
13,W06000015,147000,14000,9.523809523809524,-0.6574929904841486
14,W06000016,103000,12000,11.650485436893204,-0.10357765433173666
15,W06000018,77000,7000,9.090909090909092,-0.7702465075270305
16,W06000019,31000,3000,9.67741935483871,-0.6174836779850612
17,W06000020,40000,3000,7.5,-1.184615682659623
18,W06000021,39000,4000,10.256410256410255,-0.4666793462577326
19,W06000022,63000,6000,9.523809523809524,-0.6574929904841486
20,W06000023,60000,10000,16.666666666666664,1.2029400407234079
21,W06000024,25000,3000,12.0,-0.012542872998862071
