,ltla24_code,hh_homeless_priority,hh_homeless_priority_per000,z_hh_homeless_priority_per000
0,W06000019,18,5.419005,-1.6984959648040758
1,W06000013,519,82.024738,1.682865824615631
2,W06000018,432,55.928426,0.5309798131395062
3,W06000015,432,27.709562,-0.7145952206563503
4,W06000010,609,73.464431,1.3050155794453115
5,W06000008,51,15.916921,-1.2351200444804913
6,W06000003,270,50.420921,0.2878796399182932
7,W06000004,252,59.45099,0.6864650861592868
8,W06000005,147,22.098299,-0.9622752513217391
9,W06000002,93,16.689912,-1.2010003757741645
10,W06000001,36,11.725402,-1.42013285789782
11,W06000024,141,56.059221,0.5367530783760276
12,W06000021,207,51.090224,0.3174225409664951
13,W06000012,111,17.843354,-1.1500876757401888
14,W06000022,546,82.203029,1.6907355538276396
15,W06000009,339,60.020375,0.7115976265981173
16,W06000023,306,50.96257,0.3117879188440675
17,W06000016,366,34.519678,-0.41399805746602125
18,W06000011,435,39.55725,-0.19164063322140726
19,W06000020,171,41.653721,-0.09910282104452356
20,W06000014,216,36.515777,-0.3258906453680404
21,W06000006,441,74.502526,1.3508368858844477
