,ltla24_code,low_attainment_num,total_pop_16plus,low_attainment_perc,z_low_attainment_perc
0,W06000001,15096,57145,26.417009362148917,-0.6060698892310001
1,W06000002,23359,97983,23.839849769858038,-1.2022780827293942
2,W06000003,26327,96369,27.318951114985108,-0.3974118516349544
3,W06000004,22844,78914,28.947968674759867,-0.02054981352301661
4,W06000005,36014,127594,28.22546514726398,-0.18769604855366487
5,W06000006,33550,110268,30.425871513040953,0.3213528703516974
6,W06000008,13551,61387,22.07470637105576,-1.6106318999371332
7,W06000009,28603,102528,27.897745006242197,-0.26351185516343356
8,W06000010,44431,155504,28.572255376067496,-0.10746850794798278
9,W06000011,52844,197863,26.70736822953256,-0.538897356995557
10,W06000012,38375,117178,32.749321544999916,0.8588670974029834
11,W06000013,36616,119488,30.64408141403321,0.37183423412258054
12,W06000014,25631,107450,23.85388552815263,-1.1990310063270513
13,W06000015,68828,296273,23.23127655911946,-1.3430673204899604
14,W06000016,65207,193854,33.63717024152197,1.0642648030929045
15,W06000018,49060,143493,34.189821106256055,1.192116789707959
16,W06000019,21348,55136,38.718804410911204,2.239866010412047
17,W06000020,24333,75108,32.397347819140435,0.7774403903099077
18,W06000021,18769,78239,23.989314791855723,-1.1677003751543567
19,W06000022,39435,127435,30.945187742770823,0.44149311781942074
20,W06000023,31010,112531,27.556851001057485,-0.34237534488039845
21,W06000024,17386,47673,36.46928030541397,1.719454039348432
