,ltla24_code,total_pop,non_white_british,non_white_british_perc,z_non_white_british_perc
0,W06000001,68904,2565,3.7225705329153604,-0.7516754081059928
1,W06000002,117404,7849,6.685462164832543,-0.19358366337559815
2,W06000003,114734,6806,5.931981801384071,-0.3355096002297085
3,W06000004,95835,5360,5.592946209631137,-0.39937051329478185
4,W06000005,154983,10626,6.856235845221733,-0.16141664781021153
5,W06000006,135099,12554,9.292444799739451,0.29746888526439375
6,W06000008,71465,5794,8.107465192751697,0.07426553580344451
7,W06000009,123371,6553,5.311621045464493,-0.45236106145220273
8,W06000010,187888,11214,5.968449288938091,-0.3286405660957169
9,W06000011,238453,29759,12.480027510662477,0.8978835536403573
10,W06000012,142305,7195,5.056041600787042,-0.5005021330529109
11,W06000013,145476,7726,5.310841650856498,-0.4525078686090773
12,W06000014,131949,10577,8.015975869464716,0.05703256126350318
13,W06000015,362279,95738,26.426593868261754,3.5248657448433476
14,W06000016,237666,11541,4.855974350559189,-0.5381869000353694
15,W06000018,175948,6596,3.7488348830336236,-0.7467282420254613
16,W06000019,66899,2910,4.349840804795289,-0.6335224670129508
17,W06000020,92280,4407,4.775682704811444,-0.5533106744522011
18,W06000021,92954,5381,5.788884824752028,-0.3624634180791132
19,W06000022,159569,31322,19.629125958049496,2.2444913008733813
20,W06000023,133154,6796,5.103864698018835,-0.4914941506194687
21,W06000024,58853,3931,6.679353643824444,-0.19473426743765979
