,ltla24_code,total_hh,no_cars_or_vans_in_household,no_car_van_perc,z_no_car_van_perc
0,W06000001,30830,4621,14.988647421342849,-1.0313462906671071
1,W06000002,51084,9030,17.67676767676768,-0.29925125962768934
2,W06000003,52244,9664,18.497817931245695,-0.07564265792024444
3,W06000004,42399,7981,18.823557159366967,0.013070661300108047
4,W06000005,66885,9734,14.553337818643941,-1.1499005095330515
5,W06000006,57905,11013,19.019082980744322,0.06632106257266582
6,W06000008,30880,4862,15.744818652849741,-0.8254071404062628
7,W06000009,55470,8423,15.184784568235083,-0.9779293981927935
8,W06000010,81765,12575,15.37944108114719,-0.9249157483849679
9,W06000011,104976,23790,22.662322816643805,1.05853775204713
10,W06000012,62331,13024,20.89489980908376,0.5771896430969368
11,W06000013,62353,11354,18.209228104501786,-0.15423853834686335
12,W06000014,57466,9534,16.590679706261096,-0.5950414516307977
13,W06000015,147331,38318,26.008104200745265,1.9697432389674903
14,W06000016,103321,22955,22.217167855518237,0.937302202995747
15,W06000018,76289,15511,20.331895817221355,0.4238585471141477
16,W06000019,30318,6959,22.953361039646413,1.1378004399692068
17,W06000020,40240,7897,19.624751491053676,0.23127160969186392
18,W06000021,40911,5297,12.947618000048886,-1.5872096284471433
19,W06000022,66042,14910,22.576542200417915,1.0351758645825573
20,W06000023,60194,7893,13.112602584975248,-1.5422769679462083
21,W06000024,25777,6461,25.064980408891646,1.7128885687652564
