,ltla24_code,total_hh,overcrowded_hh_count,overcrowded_hh_perc,z_overcrowded_hh_perc
0,W06000001,30823,501,0.01625409596729715,-0.7177101197100417
1,W06000002,51098,981,0.019198403068613253,-0.24091531666794527
2,W06000003,52242,1076,0.02059645495961104,-0.014517779633524724
3,W06000004,42378,879,0.020741894379158996,0.009034369314160611
4,W06000005,66918,1235,0.01845542305508234,-0.3612319130777888
5,W06000006,57914,1442,0.024898988154850296,0.6822252559313442
6,W06000008,30897,430,0.01391720879049746,-1.0961406376053233
7,W06000009,55501,965,0.01738707410677285,-0.5342380598081213
8,W06000010,81767,1369,0.016742695708537675,-0.638587321246844
9,W06000011,104940,2384,0.022717743472460455,0.32899915113344386
10,W06000012,62378,1130,0.018115361185033183,-0.4163008059523596
11,W06000013,62366,1173,0.018808325048904853,-0.304083717985451
12,W06000014,57434,915,0.015931329874290488,-0.7699781713935727
13,W06000015,147362,5825,0.03952850802784978,3.0512984559821397
14,W06000016,103328,2003,0.019384871477237536,-0.2107190208658374
15,W06000018,76263,1616,0.021189829930634778,0.08157209574425378
16,W06000019,30336,680,0.022415611814345992,0.2800725957618677
17,W06000020,40242,921,0.022886536454450573,0.3563331261005566
18,W06000021,40926,553,0.013512192738112692,-1.1617280720272838
19,W06000022,66062,2270,0.034361660258545,2.214590164441161
20,W06000023,60181,773,0.012844585500407105,-1.2698389621137929
21,W06000024,25788,650,0.025205521948192956,0.7318646836789557
