,ltla24_code,total_hh,one_person_hh,one_person_hh_perc,z_one_person_hh_perc
0,W06000001,30810,10189,33.070431678026615,0.6882588459177162
1,W06000002,51100,17658,34.55577299412916,1.6095794165654183
2,W06000003,52248,17902,34.26351247894656,1.428297429922536
3,W06000004,42408,14112,33.276740237691,0.816226955239719
4,W06000005,66897,19465,29.09696996875794,-1.7763814153765989
5,W06000006,57913,17650,30.476749607169374,-0.92053814888421
6,W06000008,30906,10206,33.02271403610949,0.6586607699708322
7,W06000009,55505,18514,33.3555535537339,0.8651129106252533
8,W06000010,81743,25360,31.024063222538935,-0.5810530171040817
9,W06000011,104954,36162,34.45509461287802,1.5471311007065602
10,W06000012,62406,20364,32.63147774252476,0.4159865500081166
11,W06000013,62372,18655,29.909254152504328,-1.2725415776341058
12,W06000014,57424,17848,31.08108108108108,-0.5456862462483432
13,W06000015,147362,47477,32.217939495935184,0.15947897885114876
14,W06000016,103339,32156,31.117003261111485,-0.5234046042811196
15,W06000018,76254,22969,30.121698533847407,-1.1407675695135429
16,W06000019,30321,10169,33.537812077438076,0.9781633760261285
17,W06000020,40230,12318,30.61894108873975,-0.8323402811473806
18,W06000021,40926,12282,30.010262424864386,-1.2098886384597654
19,W06000022,66048,19988,30.262839147286826,-1.053221529350344
20,W06000023,60176,19843,32.974940175485244,0.6290278229470007
21,W06000024,25785,8266,32.057397711847976,0.059898871218961
