,ltla24_code,total_pop,over65_count,over65_perc,z_over65_perc
0,W06000001,68889,18210,26.433828332534947,1.236582145766513
1,W06000002,117390,27277,23.236221143197888,0.29897693879810483
2,W06000003,114782,31382,27.34052377550487,1.502444185137077
3,W06000004,95825,23760,24.795199582572398,0.7561019750387414
4,W06000005,154989,33214,21.429907928949795,-0.23067181879240423
5,W06000006,135082,27375,20.265468382167867,-0.572109812146748
6,W06000008,71469,18389,25.730036799171668,1.0302157701522212
7,W06000009,123356,32345,26.220856707415933,1.1741344175671307
8,W06000010,187889,45467,24.198862094108755,0.5812433694668996
9,W06000011,238506,48890,20.498436098043655,-0.5037988125377056
10,W06000012,142273,30133,21.179703808874486,-0.3040368920790314
11,W06000013,145488,30100,20.68899153194765,-0.44792397974389025
12,W06000014,131932,28988,21.971924931025075,-0.0717411142625115
13,W06000015,362370,52522,14.494025443607365,-2.264417412955363
14,W06000016,237642,46626,19.620269144343172,-0.761295703063481
15,W06000018,175965,35407,20.121615093910723,-0.6142906005059928
16,W06000019,66910,13521,20.207741742639364,-0.5890364684237296
17,W06000020,92269,19156,20.761035667450606,-0.42679913463960023
18,W06000021,92957,24037,25.85819249760642,1.0677936973459645
19,W06000022,159626,27076,16.962149023342064,-1.5407120349096828
20,W06000023,133186,37127,27.87605303860766,1.659472549109836
21,W06000024,58843,11106,18.873952721649133,-0.9801312643223492
