,ltla24_code,total_pop,pop_in_flats_tenements,pop_in_flats_tenements_perc,z_pop_in_flats_tenements_perc
0,W06000001,30829,1421,4.609296441662072,-1.067668157340997
1,W06000002,51108,3102,6.06949988260155,-0.6590084467731969
2,W06000003,52238,5947,11.384432788391592,0.8284547943557219
3,W06000004,42380,3105,7.326569136385087,-0.3071988680446715
4,W06000005,66918,3491,5.216832541319227,-0.8976401189974867
5,W06000006,57936,5646,9.745236122618062,0.36970116029516586
6,W06000008,30892,1985,6.425611808882559,-0.5593452131143941
7,W06000009,55496,3929,7.079789534380857,-0.3762638201613442
8,W06000010,81737,3799,4.64783390630926,-1.05688287310786
9,W06000011,104989,13209,12.581318042842584,1.1634209832808189
10,W06000012,62363,5138,8.238859580199797,-0.05188078135174909
11,W06000013,62355,4909,7.872664581829845,-0.15436591311459316
12,W06000014,57452,6330,11.017893197799902,0.7258732233203412
13,W06000015,147318,29754,20.197124587626767,3.294818027742967
14,W06000016,103307,6779,6.5619948309407885,-0.5211763903612994
15,W06000018,76237,5085,6.6699896375775545,-0.49095243307859937
16,W06000019,30332,2263,7.460767506264012,-0.2696414527860775
17,W06000020,40222,4188,10.412212222166973,0.556364369102517
18,W06000021,40929,3092,7.554545676659581,-0.24339623318381828
19,W06000022,66055,8888,13.455453788509574,1.408060908654099
20,W06000023,60203,3195,5.307044499443549,-0.8723929570861843
21,W06000024,25790,1418,5.498255137650252,-0.818879808249361
