,ltla24_code,z_mh_measures
0,W06000018,-0.682751728376652
1,W06000019,-0.682751728376652
2,W06000020,-0.682751728376652
3,W06000021,-0.682751728376652
4,W06000022,-0.682751728376652
5,W06000001,-0.4904798909555673
6,W06000002,-0.4904798909555673
7,W06000003,-0.4904798909555673
8,W06000004,-0.4904798909555673
9,W06000005,-0.4904798909555673
10,W06000006,-0.4904798909555673
11,W06000014,1.3155715366337761
12,W06000015,1.3155715366337761
13,W06000013,0.7664694509499929
14,W06000016,0.7664694509499929
15,W06000024,0.7664694509499929
16,W06000008,-1.1191677836198293
17,W06000009,-1.1191677836198293
18,W06000010,-1.1191677836198293
19,W06000023,0.5563402046393332
20,W06000011,2.1136248538596436
21,W06000012,2.1136248538596436
