,ltla24_code,total_pop,pop_in_mobile_homes,pop_in_mobile_homes_perc,z_pop_in_mobile_homes_perc
0,W06000001,30829,175,0.5676473450322749,0.7812439287297276
1,W06000002,51108,202,0.39524144947953355,0.14191916458772474
2,W06000003,52238,149,0.28523297216585625,-0.26602015550746505
3,W06000004,42380,132,0.3114676734308636,-0.16873523294252987
4,W06000005,66918,300,0.44830987178337667,0.33871032688538344
5,W06000006,57936,106,0.18296050814692075,-0.6452723772919872
6,W06000008,30892,245,0.7930855885018776,1.6172260821979096
7,W06000009,55496,581,1.046922300706357,2.5585169565060064
8,W06000010,81737,456,0.5578868810942413,0.7450496542526643
9,W06000011,104989,244,0.23240529960281553,-0.4619185567382108
10,W06000012,62363,79,0.12667767746901207,-0.853983380665944
11,W06000013,62355,143,0.22933205035682783,-0.47331494398495444
12,W06000014,57452,318,0.5535055350553505,0.7288025125063922
13,W06000015,147318,150,0.10182055146010671,-0.946159904977608
14,W06000016,103307,95,0.09195891856311769,-0.9827293395999515
15,W06000018,76237,40,0.052467961750855885,-1.1291718180824677
16,W06000019,30332,29,0.09560859818013978,-0.9691954024172015
17,W06000020,40222,80,0.19889612649793645,-0.5861790649023106
18,W06000021,40929,111,0.2712013486769772,-0.3180529723017881
19,W06000022,66055,150,0.22708349103020212,-0.48165317195880303
20,W06000023,60203,545,0.9052705014700265,2.0332361774078613
21,W06000024,25790,46,0.17836370686312525,-0.6623184817024432
