,ltla24_code,uc_claimants_12mo_avg,working_pop_total,uc_claimants_12mo_avg_perc,z_uc_claimants_12mo_avg_perc
0,W06000001,6808.5,35420,19.222190852625634,0.05775463467868387
1,W06000002,10616.833333333334,68294,15.545777569527827,-1.1735598487555943
2,W06000003,12308.166666666666,65011,18.93243707475145,-0.03929050030833043
3,W06000004,11323.416666666666,55156,20.5298003239297,0.49570280772408637
4,W06000005,15398.166666666666,94362,16.31818599294914,-0.9148626877868185
5,W06000006,15045.583333333334,77147,19.502486594855707,0.15163205826421627
6,W06000008,5774.25,36971,15.618322468962159,-1.1492629108178907
7,W06000009,11909.583333333334,64588,18.439312772238395,-0.20444905269668523
8,W06000010,20174.25,108680,18.562983069562016,-0.1630290553951614
9,W06000011,28326.0,141631,19.99985878797721,0.3182133258990511
10,W06000012,17731.25,78484,22.592184394271445,1.1864421726075018
11,W06000013,16157.916666666666,84204,19.189013190188906,0.046642680407206046
12,W06000014,11963.916666666666,71974,16.62255351469512,-0.8129230773692881
13,W06000015,42054.083333333336,232417,18.094237225905736,-0.3200227070602594
14,W06000016,27554.25,138568,19.88500230933549,0.27974527707603014
15,W06000018,22344.75,108075,20.675225537820957,0.5444090217245839
16,W06000019,9923.75,40204,24.683489205054222,1.886867751698771
17,W06000020,12681.083333333334,55951,22.664623211977148,1.210703581359874
18,W06000021,5885.583333333333,47496,12.391745269777104,-2.2299170515100677
19,W06000022,19538.333333333332,89605,21.804958800662163,0.922782404104955
20,W06000023,10840.75,75428,14.37231532057061,-1.5665790638550683
21,W06000024,7782.083333333333,33189,23.44777888256149,1.473000240010188
