,ltla24_code,total_pop_over5,provides_unpaid_care,provides_unpaid_care_perc,z_provides_unpaid_care_perc
0,W06000001,65666,6745,10.271677885054672,-0.4754331686879348
1,W06000002,112050,9995,8.92012494422133,-2.1118071718658524
2,W06000003,109709,11639,10.608974651122514,-0.06705578096305381
3,W06000004,91049,10172,11.172006282331493,0.6146269681486125
4,W06000005,147329,15257,10.355734444678237,-0.373662853364757
5,W06000006,128120,12862,10.03902591320637,-0.7571133212137443
6,W06000008,68771,7249,10.540780270753661,-0.14962118245566
7,W06000009,117774,12889,10.943841594919082,0.33837973310158814
8,W06000010,178816,20364,11.388242662848961,0.8764321708378244
9,W06000011,227073,24708,10.881082295120953,0.2623947801303887
10,W06000012,135237,16545,12.234077952039753,1.9005155318261668
11,W06000013,138140,15304,11.078615896916173,0.5015558525279624
12,W06000014,125079,12915,10.325474300242247,-0.4102999041168589
13,W06000015,343227,28980,8.443391691213103,-2.689005354862739
14,W06000016,225114,24987,11.099709480529866,0.5270946167276277
15,W06000018,166730,19070,11.437653691597193,0.9362558895180776
16,W06000019,63349,7227,11.408230595589512,0.9006322835568557
17,W06000020,87273,9926,11.373506124460029,0.8585901110945974
18,W06000021,88987,9196,10.334093744030026,-0.39986403193601866
19,W06000022,149853,14968,9.98845535291252,-0.8183409266525461
20,W06000023,127437,13460,10.56208165603396,-0.12383082526634666
21,W06000024,55553,6227,11.209115619318489,0.6595565839158254
