,ltla24_code,uc_claimants,pop_18_64,uc_claimants_perc,z_uc_claimants_perc
0,W06000001,7548.0,37452,20.153796859980773,-0.2386633533581914
1,W06000002,11860.0,68257,17.375507273979228,-1.0126711561131476
2,W06000003,13817.0,62584,22.077527802633263,0.29727169369969536
3,W06000004,12536.0,52920,23.688586545729404,0.7460989304772774
4,W06000005,16765.0,90757,18.472404332448185,-0.70708498311244
5,W06000006,16472.0,79768,20.64988466553004,-0.10045751827124319
6,W06000008,6462.0,41643,15.517614004754702,-1.5302643884065714
7,W06000009,13257.0,67494,19.64174593297182,-0.3813163780499876
8,W06000010,22778.0,105688,21.552115661191433,0.15089634852790484
9,W06000011,31538.0,143783,21.934442875722443,0.25740945239713026
10,W06000012,20346.0,83871,24.258682977429626,0.9049229381264513
11,W06000013,18317.0,86051,21.286213989378393,0.07681840870987526
12,W06000014,13365.0,75349,17.737461678323534,-0.9118337435498269
13,W06000015,47216.0,235988,20.007797006627456,-0.2793376683273451
14,W06000016,31966.0,141617,22.57214882394063,0.43506889519642755
15,W06000018,25463.0,103946,24.496373116810652,0.9711413854207087
16,W06000019,11323.0,40222,28.15126050420168,1.9893618654904777
17,W06000020,14154.0,53884,26.267537673520895,1.4645727374885522
18,W06000021,6565.0,52105,12.59955858362921,-2.343209761776759
19,W06000022,21563.0,96599,22.32217724821168,0.3654289443950388
20,W06000023,12089.0,72580,16.656103609809865,-1.2130908863684673
21,W06000024,8754.0,35282,24.811518621393343,1.0589382374044514
