,ltla24_code,total_pop,under5_count,under5_perc,z_under5_perc
0,W06000001,68889,3211,4.661121514320138,-0.5461728380006595
1,W06000002,117390,5348,4.555754323196184,-0.7567811269508183
2,W06000003,114782,5035,4.3865762924500356,-1.0949347324833802
3,W06000004,95825,4767,4.974693451604487,0.08059578389942244
4,W06000005,154989,7635,4.926156049784178,-0.016420934857329744
5,W06000006,135082,6998,5.180556995010438,0.4920765130662387
6,W06000008,71469,2711,3.793253018791364,-2.280871247698613
7,W06000009,123356,5580,4.523492979668601,-0.8212652067397951
8,W06000010,187889,9051,4.8172059034855685,-0.23419084642141605
9,W06000011,238506,11426,4.7906551617150095,-0.2872605565940706
10,W06000012,142273,7040,4.9482333260703015,0.02770719775873725
11,W06000013,145488,7342,5.046464313207962,0.22405161865736434
12,W06000014,131932,6850,5.192068641421338,0.5150860298592492
13,W06000015,362370,19076,5.264232690344124,0.6593277687271296
14,W06000016,237642,12519,5.268008180372156,0.6668742306406572
15,W06000018,175965,9217,5.237973460631375,0.6068407338165642
16,W06000019,66910,3545,5.298161709759378,0.7271452045776982
17,W06000020,92269,5005,5.424357042993854,0.9793848526360966
18,W06000021,92957,3962,4.262185741794593,-1.3435669751735333
19,W06000022,159626,9731,6.0961246914663025,2.3221162428125406
20,W06000023,133186,5728,4.300752331326115,-1.2664799488873184
21,W06000024,58843,3300,5.608143704433832,1.346738237355263
