,ltla24_code,z_health_access
0,W06000001,0.9574240897153488
1,W06000002,0.8227942551646282
2,W06000003,-1.6725424096118713
3,W06000004,-1.7442029349344261
4,W06000005,0.36113279892078404
5,W06000006,-0.44769569734675574
6,W06000008,0.6406248805983719
7,W06000009,0.9520297344282524
8,W06000010,0.7106805080995041
9,W06000011,-0.504891857993815
10,W06000012,0.497924054510342
11,W06000013,0.5265530706629649
12,W06000014,-0.45989574996410754
13,W06000015,-2.906201811042035
14,W06000016,0.39581152400535224
15,W06000018,0.8312717582470305
16,W06000019,0.6700614706029813
17,W06000020,-0.22534304618524287
18,W06000021,0.42728547758285707
19,W06000022,-0.7752464091529976
20,W06000023,0.919158741450696
21,W06000024,0.023267552242137633
