,lgd14_code,oneperson_hh_perc
0,N09000001,29.921669922338637
1,N09000002,27.5876725188537
2,N09000003,36.40274521732559
3,N09000004,30.005269750016655
4,N09000005,31.123943059644585
5,N09000006,30.785584758205037
6,N09000007,28.169146207949336
7,N09000008,30.668367446037767
8,N09000009,25.353950122260148
9,N09000010,27.33274566037194
10,N09000011,30.91398292979236
