,lgd14_code,oneperson_hh_perc,z_oneperson_hh_perc
0,N09000001,29.921669922338637,0.029119802813511272
1,N09000002,27.5876725188537,-0.8269757167369943
2,N09000003,36.40274521732559,2.4063373239741384
3,N09000004,30.005269750016655,0.05978369207212139
4,N09000005,31.123943059644585,0.47010600296383837
5,N09000006,30.785584758205037,0.34599831311268026
6,N09000007,28.169146207949336,-0.6136948368062771
7,N09000008,30.668367446037767,0.3030037426772893
8,N09000009,25.353950122260148,-1.6462909965175532
9,N09000010,27.33274566037194,-0.920481279782377
10,N09000011,30.91398292979236,0.3930939522296134
