,lgd14_code,pop_in_mobile_homes_perc
0,N09000001,0.07450070666985247
1,N09000002,0.17439934542205723
2,N09000003,0.03520387509855606
3,N09000004,0.11389014223529952
4,N09000005,0.08911057977690977
5,N09000006,0.14033719769874356
6,N09000007,0.10864615794116159
7,N09000008,0.13479675490856996
8,N09000009,0.3900052543853917
9,N09000010,0.28681126111631905
10,N09000011,0.19552897835068428
