,lgd14_code,pop_in_mobile_homes_perc,z_pop_in_mobile_homes_perc
0,N09000001,0.07450070666985247,-0.8631243094712644
1,N09000002,0.17439934542205723,0.16367150830487842
2,N09000003,0.03520387509855606,-1.2670319383764692
3,N09000004,0.11389014223529952,-0.4582648618517014
4,N09000005,0.08911057977690977,-0.7129585335213343
5,N09000006,0.14033719769874356,-0.186432069317692
6,N09000007,0.10864615794116159,-0.512164506621243
7,N09000008,0.13479675490856996,-0.2433788261167448
8,N09000009,0.3900052543853917,2.3797502094422316
9,N09000010,0.28681126111631905,1.3190834973448688
10,N09000011,0.19552897835068428,0.3808498301844695
