,ltla20_code,perc_decent_broadband
0,S12000005,0.0
1,S12000006,0.0
2,S12000008,0.0
3,S12000010,35.22381276373977
4,S12000011,0.0
5,S12000013,0.0
6,S12000014,0.0
7,S12000017,6.962322449747171
8,S12000018,0.0
9,S12000019,4.198039870884265
10,S12000020,35.89032608248767
11,S12000021,0.0
12,S12000023,0.0
13,S12000026,16.81665225513742
14,S12000027,0.0
15,S12000028,0.0
16,S12000029,0.0
17,S12000030,0.0
18,S12000033,0.0
19,S12000034,0.0022762464611513055
20,S12000035,0.0
21,S12000036,0.0002198492462311558
22,S12000038,0.03012878787878788
23,S12000039,0.0
24,S12000040,0.0
25,S12000041,0.0
26,S12000042,0.0
27,S12000045,3.496503496503497e-05
28,S12000047,0.0
29,S12000048,0.0016622882046269144
30,S12000049,0.011609152556952588
31,S12000050,2.7213651374725203e-05
