,lad24cd,under5_perc
0,S12000005,4.517260273972602
1,S12000006,3.9532673267326737
2,S12000008,4.753192771084337
3,S12000010,4.893552631578948
4,S12000011,4.859696969696969
5,S12000013,3.896216216216216
6,S12000014,4.549777777777778
7,S12000017,4.137798165137615
8,S12000018,4.264122807017544
9,S12000019,5.628115942028985
10,S12000020,4.509492753623188
11,S12000021,4.158502673796791
12,S12000023,4.291875
13,S12000026,4.009746835443038
14,S12000027,4.406451612903226
15,S12000028,3.854064516129032
16,S12000029,4.854882226980728
17,S12000030,4.142276422764228
18,S12000033,4.758900000000001
19,S12000034,4.966574585635359
20,S12000035,3.87936
21,S12000036,4.404846625766871
22,S12000038,4.608623481781376
23,S12000039,4.575573770491803
24,S12000040,5.002713178294574
25,S12000041,4.290802469135802
26,S12000042,4.505906735751295
27,S12000045,4.787122302158273
28,S12000047,4.497084148727985
29,S12000048,4.219040404040404
30,S12000049,4.80615776081425
31,S12000050,4.970666666666667
