,lgd14_code,age65_plus_perc
0,N09000001,17.87857142857143
1,N09000002,16.298557692307693
2,N09000003,15.037551020408165
3,N09000004,19.74020979020979
4,N09000005,16.444444444444443
5,N09000006,18.93408071748879
6,N09000007,18.195608108108107
7,N09000008,20.330449826989618
8,N09000009,15.20378787878788
9,N09000010,17.101812688821752
10,N09000011,22.792550143266478
