,lgd14_code,non_white_perc
0,N09000001,3.195238095238095
1,N09000002,3.488942307692308
2,N09000003,6.882176870748299
3,N09000004,1.5027972027972027
4,N09000005,2.318855218855219
5,N09000006,1.8237668161434977
6,N09000007,3.9618243243243243
7,N09000008,2.1612456747404845
8,N09000009,4.328030303030303
9,N09000010,1.8211480362537762
10,N09000011,2.361031518624642
