,lgd14_code,pop_in_flats_perc
0,N09000001,9.977210884353742
1,N09000002,4.199278846153846
2,N09000003,16.440816326530612
3,N09000004,5.294755244755245
4,N09000005,8.123905723905725
5,N09000006,3.6843049327354263
6,N09000007,8.02972972972973
7,N09000008,8.572318339100347
8,N09000009,3.415151515151515
9,N09000010,5.038368580060423
10,N09000011,9.372779369627507
